OBJECTID,GlobalID,type,source,poly_DateCurrent,mission,incident_name,incident_number,area_acres,description,FireDiscoveryDate,CreationDate,EditDate,displayStatus
"3025",04ba1d01-c043-478f-ad62-e7eeb903cf09,Heat Perimeter,FIRIS,2025/01/01 05:39:02,CA-SBC-OAK-N40Y,Oak,,41.9981430870696,FIRIS Perimeter,,2025/01/01 05:37:18,,Inactive
"3026",4551a5e4-e94d-46e2-9aac-73cc4314c946,Heat Perimeter,FIRIS,2025/01/02 05:16:55,CA-SDU-BORDER1-N40Y,,,16.9115010971836,FIRIS Perimeter,,2025/01/02 05:13:35,,Inactive
"3027",2b1329f3-5b39-4c0e-ad34-1250e436e0e1,Heat Perimeter,FIRIS,2025/01/07 22:11:19,CA-LFD-PALISADES-N57B,,,771.572356135708,FIRIS Perimeter,,2025/01/07 22:09:29,,Inactive
"3028",a766c1b5-1d8e-43b3-9aac-02358de18d35,Heat Perimeter,FIRIS,2025/01/07 23:17:35,CA-LFD-PALISADES-N57B,,,1261.520778592,FIRIS Perimeter,,2025/01/07 23:13:25,,Inactive
"3029",72049d43-03fe-4cc1-899a-fe2eb43934e7,Heat Perimeter,FIRIS,2025/01/07 23:17:39,CA-LFD-PALISADES-N57B,,,1261.520778592,FIRIS Perimeter,,2025/01/07 23:13:25,,Inactive
"3030",a0106d48-cc4c-480d-ac6b-c2ea92386d75,Heat Perimeter,FIRIS,2025/01/08 02:17:53,CA-LFD-PALISADES-N57B,,,2920.45153192599,FIRIS Perimeter,,2025/01/08 02:15:44,,Inactive
"3031",dc6929b3-e36c-4ee1-b119-d95f34267cae,Heat Perimeter,NIFC,2025/01/08 14:31:44,2025-CALFD-000738,PALISADES,2025-CALFD-000738,21317,Wildfire Daily Fire Perimeter,2025/01/07 18:38:00,2025/01/08 06:00:47,2025/01/11 05:28:47,Inactive
"3032",84cc5ba6-646a-4fc3-99dc-eedab4bcaa88,Heat Perimeter,FIRIS,2025/01/08 21:07:37,CA-LFD-PALISADES-N57B,,,15832.3765306568,FIRIS Perimeter,,2025/01/08 21:05:56,,Inactive
"3033",d9f59dd7-d8bf-42bb-8a0d-8e54d0539559,Heat Perimeter,FIRIS,2025/01/08 21:07:37,CA-LFD-PALISADES-N57B,,,15832.3765306568,FIRIS Perimeter,,2025/01/08 21:05:56,,Inactive
"3034",44c6b219-21d6-4a0d-855e-01a07bcff98c,Heat Perimeter,FIRIS,2025/01/09 01:30:54,CA-LAC-LIDIA-N57B,,,347.704223745188,FIRIS Perimeter,,2025/01/09 01:26:26,,Inactive
"3035",652b0279-f5c1-41c3-833b-0fd4b81ba77e,Heat Perimeter,FIRIS,2025/01/09 02:03:18,CA-LFD-SUNSET-N57B,,,19.8400777066038,FIRIS Perimeter,,2025/01/09 02:00:39,,Inactive
"3036",824cd3d8-fe0a-4c1b-b8a2-baa49056eccf,Heat Perimeter,FIRIS,2025/01/09 02:29:10,CA-LAC-EATON-N57B,,,10589.956010487,FIRIS Perimeter,,2025/01/09 02:27:13,,Inactive
"3037",82a758a6-be59-405e-b0b7-6fdcf4ae6d80,Heat Perimeter,FIRIS,2025/01/09 03:36:14,CA-LFD-HURST-N57B,,,663.39535817648,FIRIS Perimeter,,2025/01/09 03:34:24,,Inactive
"3038",50e1f6ff-729f-484e-993e-0ecb2a68ef1a,Heat Perimeter,FIRIS,2025/01/09 05:35:41,CA-LFD-SUNSET-N40Y,,,42.7706483052598,FIRIS Perimeter,,2025/01/09 05:33:51,,Inactive
"3039",f74c4d9d-44a6-4bdb-a00e-ed1a98f23cbc,Heat Perimeter,FIRIS,2025/01/09 05:55:15,CA-LFD-SUNSWEPT-N40Y,,,0.5301146910987,FIRIS Perimeter,,2025/01/09 05:53:14,,Inactive
"3040",3afc0616-60fe-412b-b046-45321786c302,Heat Perimeter,FIRIS,2025/01/09 06:58:57,CA-LFD-PALISADES-N40Y,,,17234.2339596532,FIRIS Perimeter,,2025/01/09 06:57:21,,Inactive
"3041",d8deb540-8d48-41df-a388-42ff680836b1,Heat Perimeter,FIRIS,2025/01/10 00:30:31,CA-VNC-KENNETH,,,18025.9813173692,FIRIS Perimeter,,2025/01/10 00:29:26,,Inactive
"3042",49f28986-a247-49cf-8722-e608890664e4,Heat Perimeter,FIRIS,2025/01/10 00:39:08,CA-VNC-KENNETH,,,791.277573174287,FIRIS Perimeter,,2025/01/10 00:37:13,,Inactive
"3043",ed23d7e2-401e-4c51-a4f3-7822b4ce20fe,Heat Perimeter,FIRIS,2025/01/10 00:50:20,CA-VNC-KENNETH-N40Y,,,791.249358896126,FIRIS Perimeter,,2025/01/10 00:48:35,,Inactive
"3044",7a0379cd-ccd5-49c0-9fa5-2051f13598b7,Heat Perimeter,FIRIS,2025/01/10 01:25:52,CA-VNC-KENNETH-N40Y,,,959.722647206818,FIRIS Perimeter,,2025/01/10 01:24:12,,Inactive
"3045",1e77cfd7-05bf-43ff-8a47-c9c0c0702dfc,Heat Perimeter,FIRIS,2025/01/10 14:00:50,CA-LFD-PALISADES-N40Y,,,20438.1761636535,FIRIS Perimeter,,2025/01/10 13:59:04,,Inactive
"3046",f8c9254e-49af-4791-bcf3-38182d79b46a,Heat Perimeter,FIRIS,2025/01/10 14:23:05,CA-LFD-EATON-N40Y,,,13956.367609089,FIRIS Perimeter,,2025/01/10 14:22:08,,Inactive
"3047",a042fc9b-7561-4b99-a6ba-c044a4f31a0c,Heat Perimeter,FIRIS,2025/01/10 19:58:23,CA-LFD-ARCHER-N40Y,,,18.7562620086706,FIRIS Perimeter,,2025/01/10 19:57:20,,Inactive
"3048",9fcb4810-075a-4a6d-9740-e03d9710b2cf,Heat Perimeter,FIRIS,2025/01/11 06:24:28,CA-LFD-PALISADES-N40Y,,,21595.7905480779,FIRIS Perimeter,,2025/01/11 06:21:48,,Inactive
"3049",495b12bc-a6ca-4998-affc-4121f7b92aac,Heat Perimeter,FIRIS,2025/01/11 07:10:56,CA-LFD-EATON-N40Y,,,13993.1511137691,FIRIS Perimeter,,2025/01/11 07:09:33,,Inactive
"3050",6a78c29e-0d64-44d7-8cb2-4cc74fabbee5,Heat Perimeter,FIRIS,2025/01/11 15:38:33,CA-LFD-PALISADES-N40Y,,,22660.4830143507,FIRIS Perimeter,,2025/01/11 15:36:50,,Inactive
"3051",da2b9684-74b5-430e-97e2-6605941e6ed0,Heat Perimeter,FIRIS,2025/01/14 07:19:31,CA-VNC-AUTO-N40Y,,,55.6963104649745,FIRIS Perimeter,,2025/01/14 07:17:19,,Inactive
"3052",948dc2da-703a-429b-bf1a-aa46383e104e,Heat Perimeter,NIFC,2025/01/18 23:33:05,2025-CALAC-009087,Eaton,2025-CALAC-009087,14021.1087122511,Wildfire Daily Fire Perimeter,2025/01/08 02:18:47,2025/01/18 23:33:05,2025/01/21 00:18:44,Inactive
"3053",993b9fc1-1a0c-4550-8bba-ce82fed73ff5,Heat Perimeter,USFS,2025/01/20 01:01:30,CA-LAC-009087-EATON-N874EB,,,14005.3945569079,Heat Perimeter 1/20 01:02:11,,2025/01/20 01:02:11,,Inactive
"3054",8410bf28-793c-4971-84ee-8ffba1763db8,Heat Perimeter,USFS,2025/01/20 23:39:13,CA-LAC-EATON-N874EB,,,14021.1565344094,Heat Perimeter 1/20 23:28:55,,2025/01/20 23:28:55,,Inactive
"3055",c7520443-d5d2-4f78-b5f9-be735ad7c297,Heat Perimeter,FIRIS,2025/01/21 11:20:26,CA-SDU-PALA-N40Y,,,16.8423217991592,FIRIS Perimeter,,2025/01/21 11:17:41,,Inactive
"3056",65ef3411-6d7e-4fec-8726-b66ef06784c5,Heat Perimeter,FIRIS,2025/01/21 11:49:47,CA-SDU-LILAC-N40Y,,,80.0547329414199,FIRIS Perimeter,,2025/01/21 11:48:06,,Inactive
"3057",e09cedb2-7597-43e4-9d76-50aabe7c21d0,Heat Perimeter,USFS,2025/01/21 21:23:38,CA-LAC-EATON-N874EB,,,14021.1565344094,Heat Perimeter 1/21 19:51:26,,2025/01/21 19:51:26,,Inactive
"3058",392aefbf-1825-4458-8194-48b864806808,Heat Perimeter,NIFC,2025/01/22 01:25:00,2025-CAPNF-000058,CHANDLER,2025-CAPNF-000058,1.09,Wildfire Daily Fire Perimeter,2025/01/22 00:23:25,2025/01/28 16:49:00,2025/01/28 16:49:00,Inactive
"3059",73cca5fa-b774-410b-ad16-c5f8a55ae113,Heat Perimeter,FIRIS,2025/01/22 18:42:36,CA-SND-BERNARDO-N40Y,,,3.93896173216852,FIRIS Perimeter,,2025/01/22 18:41:13,,Inactive
"3060",15c7065a-e84f-4df8-9822-d823bfd052f4,Heat Perimeter,FIRIS,2025/01/22 20:18:14,CA-ANF-HUGHES-N40Y,,,3407.0588026493,FIRIS Perimeter,,2025/01/22 20:16:38,,Inactive
"3061",46982667-bbfe-44ca-9c9d-126ff443ab1a,Heat Perimeter,FIRIS,2025/01/22 21:02:06,CA-ANF-HUGHES-N40Y,,,5054.05801996655,FIRIS Perimeter,,2025/01/22 21:00:54,,Inactive
"3062",dddce87a-8034-4157-b0df-caac08730e4a,Heat Perimeter,USFS,2025/01/22 21:03:42,CA-ANF-HUGHES-N874EB,,,6526.83784703059,Heat Perimeter 1/22 21:05:10,,2025/01/22 21:05:10,,Inactive
"3063",ee894473-3cd1-4057-bd2a-eecc733f5e06,Heat Perimeter,USFS,2025/01/22 22:46:02,CA-ANF-HUGHES-N874EB,,,8092.54494554573,Heat Perimeter 1/22 22:47:30,,2025/01/22 22:47:30,,Inactive
"3064",9ec40ba0-303b-4a73-a7a9-fd4531575cab,Heat Perimeter,USFS,2025/01/23 00:05:09,CA-ANF-HUGHES-N874EB,,,9434.97148968652,Heat Perimeter 1/23 00:06:31,,2025/01/23 00:06:31,,Inactive
"3065",fa3c943c-044c-44f5-af2c-bd742bf9b3ca,Heat Perimeter,FIRIS,2025/01/23 01:56:30,CA-ANF-HUGHES-N40Y,,,9268.50481525387,FIRIS Perimeter,,2025/01/23 01:54:29,,Inactive
"3066",a9f2f741-39ca-460c-8417-1a94e08834b2,Heat Perimeter,USFS,2025/01/23 16:44:41,CA-ANF-HUGHES-N874EB,,,10258.5090514418,Heat Perimeter 1/23 16:43:45,,2025/01/23 16:43:45,,Inactive
"3067",f50ecd11-75a4-4953-ace3-2577171b1dc1,Heat Perimeter,USFS,2025/01/23 18:48:08,CA-ANF-HUGHES-N874EB,,,10426.3841107373,Heat Perimeter 1/23 18:49:25,,2025/01/23 18:49:25,,Inactive
"3068",3c405aca-2593-4e35-a941-43126abeaee2,Heat Perimeter,FIRIS,2025/01/23 23:46:34,CA-SDU-BORDER-N40Y,,,148.360021877284,FIRIS Perimeter,,2025/01/23 23:43:37,,Inactive
"3069",d0c3c180-2133-4de5-bfba-e7bf976bf9ff,Heat Perimeter,USFS,2025/01/23 23:58:40,CA-ANF-HUGHES-N874EB,,,10732.4050998735,Heat Perimeter 1/23 23:59:00,,2025/01/23 23:59:00,,Inactive
"3070",fc8fa5a1-b25f-4ca9-9e53-238ba479442a,Heat Perimeter,FIRIS,2025/01/24 00:24:41,CA-SDU-BORDER-N40Y,,,228.619964787905,FIRIS Perimeter,,2025/01/24 00:23:26,,Inactive
"3071",16f50522-5a61-4e05-9315-cc17f3699427,Heat Perimeter,FIRIS,2025/01/24 00:59:09,CA-RRU-RECHE-N40Y,,,2.84352672764698,FIRIS Perimeter,,2025/01/24 00:57:33,,Inactive
"3072",6f6cc92d-3f3e-4433-928f-6121027714ef,Heat Perimeter,FIRIS,2025/01/24 01:07:18,CA-RRU-GIBBLE-N40Y,,,15.0007250462012,FIRIS Perimeter,,2025/01/24 01:06:10,,Inactive
"3073",4dbd4d78-1b2e-4214-b276-aaecbd3af514,Heat Perimeter,USFS,2025/01/25 20:31:18,CA-ANF-HUGHES-N874EB,,,10448.4199058936,Heat Perimeter 1/25 20:08:53,,2025/01/25 20:08:53,,Inactive
"3074",b19746bc-9827-4fa1-abf7-88a93d57a013,Heat Perimeter,FIRIS,2025/02/26 23:23:33,CA-CNF-PENNY-N40Y,,,8.99416204558052,FIRIS Perimeter,,2025/02/26 23:21:44,,Inactive
"3075",e456aeb3-d1a9-41b7-9b48-39e73eac1b3a,Heat Perimeter,NIFC,2025/02/27 00:00:00,2025-CACNF-000352,Penny,2025-CACNF-000352,8.99,Wildfire Daily Fire Perimeter,2025/02/26 21:55:00,2025/03/06 15:39:06,2025/03/06 15:39:06,Inactive
"3076",31c0eb11-7a38-4c16-b46b-70c5fd9901a4,Heat Perimeter,NIFC,2025/04/03 13:36:00,2025-CARRU-054185,CREEK,2025-CARRU-054185,0.5,Wildfire Daily Fire Perimeter,2025/04/03 10:30:26,2025/04/03 13:36:01,2025/04/07 06:18:38,Inactive
"3077",f72f77b9-bf91-4312-a83d-ca81f36b5742,Heat Perimeter,NIFC,2025/04/06 23:59:12,2025-CACDD-006236,CREEK,2025-CACDD-006236,0.46,Wildfire Daily Fire Perimeter,2025/04/06 23:42:33,2025/04/06 23:59:12,2025/04/07 00:53:12,Inactive
"3078",6166c7c7-c9f9-4bf2-9fab-e889bda383b5,Heat Perimeter,FIRIS,2025/04/09 21:50:16,CA-MEU-COW-N40Y,,,3.60743240583136,FIRIS Perimeter,,2025/04/09 21:47:25,,Inactive
"3079",57397614-ec4b-4db7-a51b-64d74bb20162,Heat Perimeter,NIFC,2025/04/22 00:53:30,2025-CACND-000936,Miranda,2025-CACND-000936,,Wildfire Daily Fire Perimeter,2025/04/21 22:13:14,2025/04/22 00:53:30,2025/05/08 20:35:01,Inactive
"3080",edc9ccaf-da61-4ff2-8686-d61cce94f4e0,Heat Perimeter,FIRIS,2025/05/05 03:01:11,CA-TGU-Pioneer-N40Y,,,68.016609428888,FIRIS Perimeter,,2025/05/05 02:43:07,,Inactive
"3081",f81d88e1-a99d-43d1-bb2d-4b2a34c1db61,Heat Perimeter,FIRIS,2025/05/05 21:20:10,CA-LNU-PUTAH-N40Y,,,16.6706190280782,FIRIS Perimeter,,2025/05/06 16:00:00,,Inactive
"3082",c0ecf834-2a01-47cd-90af-24608ba4a5c3,Heat Perimeter,FIRIS,2025/05/06 23:50:49,CA-TUU-SPRINGS-N57B,Springs,,1608.54665200818,FIRIS Perimeter,,2025/05/06 23:26:03,,Inactive
"3083",9ff5fcd4-7e94-4edf-9524-0a78c70eba97,Heat Perimeter,FIRIS,2025/05/15 16:53:02,CA-TCU-DUCK-N40Y,,,68.0267938581661,FIRIS Perimeter,,2025/05/14 22:34:46,,Inactive
"3084",21b22c69-2d87-4450-958f-6aac94d4bf4d,Heat Perimeter,FIRIS,2025/05/15 16:53:02,CA-MMU-ACRES-N40Y,,,631.91177987671,FIRIS Perimeter,,2025/05/14 23:11:14,,Inactive
"3085",69908e6d-080d-49ec-87cb-2dadbbbdd17d,Heat Perimeter,FIRIS,2025/05/15 17:00:53,CA-RRU-TORO,,,27.7678875288106,FIRIS Perimeter,,2025/05/15 00:47:42,,Inactive
"3086",8e38af90-c3ee-49a2-a8ff-4b0bdb83b618,Heat Perimeter,FIRIS,2025/05/15 23:32:23,CA-RRU-BAXTER-N57B,,,58.5080977168429,FIRIS Perimeter,,2025/05/15 23:30:30,,Inactive
"3087",3cba721f-da30-4f95-9559-d99e9acaf519,Heat Perimeter,FIRIS,2025/05/16 22:52:48,CA-SDU-ACADEMY-N57B,,,49.7269701387396,FIRIS Perimeter,,2025/05/16 22:47:41,,Inactive
"3088",e03b30c8-8e5d-4682-9cc8-7f7763af76db,Heat Perimeter,FIRIS,2025/05/17 21:16:28,CA-MMU-NELLA-N40Y,,,458.014589933829,FIRIS Perimeter,,2025/05/17 21:00:52,,Inactive
"3089",4d50b329-627f-49df-b8f6-9668748afb0a,Heat Perimeter,FIRIS,2025/05/17 21:50:03,CA-MMU-NELLA-N40Y,,,458.014589933829,FIRIS Perimeter,,2025/05/17 21:00:52,,Inactive
"3090",9990d62b-64dc-4165-af6c-fc4198577a7f,Heat Perimeter,FIRIS,2025/05/17 22:05:54,CA-BEU-IDRIA-N40Y,,,301.443256887189,FIRIS Perimeter,,2025/05/17 21:54:41,,Inactive
"3091",9694faf7-25d0-4f73-9b18-73777312cd2a,Heat Perimeter,FIRIS,2025/05/17 22:06:14,CA-BEU-IDRIA-N40Y,,,169.821942666412,FIRIS Perimeter,,2025/05/17 21:29:47,,Inactive
"3092",c445e738-4ab5-4299-92ac-7117a6d87be4,Heat Perimeter,FIRIS,2025/05/18 17:55:40,CA-TCU-GRANGE-N40Y,,,19.955062882153,FIRIS Perimeter,,2025/05/18 17:47:36,,Inactive
"3093",d4ec05ec-6729-43d2-8ba0-47d43c7c324e,Heat Perimeter,FIRIS,2025/05/18 22:52:55,CA-FKU-CORN-N42Z,,,26.1876452000205,FIRIS Perimeter,,2025/05/18 22:21:36,,Inactive
"3094",45b469da-60e8-4c3c-9ef2-3cfd7edf3909,Heat Perimeter,FIRIS,2025/05/18 23:26:34,CA-KRN-DEMOCRAT-N42Z,,,40.6325005020365,FIRIS Perimeter,,2025/05/18 23:01:47,,Inactive
"3095",4ea37f3e-effb-4cae-bc46-014a35177b03,Heat Perimeter,FIRIS,2025/05/19 22:55:32,CA-CDD-JAW-N57B,,,103.397632271586,FIRIS Perimeter,,2025/05/19 22:51:20,,Inactive
"3096",4ba0111a-5385-4b4b-a2e1-6175185f2d26,Heat Perimeter,FIRIS,2025/05/19 23:20:29,CA-CDD-JAW-N57B,,,190.120043826251,FIRIS Perimeter,,2025/05/19 23:15:22,,Inactive
"3097",bdbe8099-7ed8-4d90-b9f4-e3ed6fccba0e,Heat Perimeter,FIRIS,2025/05/20 22:09:34,CA-SAC-DOUGLASS-N407,,,38.6247223292917,FIRIS Perimeter,,2025/05/20 21:51:56,,Inactive
"3098",01595b0d-ded7-4c7b-8d00-8859719eef53,Heat Perimeter,FIRIS,2025/05/20 22:09:34,CA-SAC-DOUGLASS-N407,,,10.9012349864362,FIRIS Perimeter,,2025/05/20 21:39:50,,Inactive
"3099",50439811-ccd6-49fa-aedc-743489a87e07,Heat Perimeter,FIRIS,2025/05/20 22:13:11,CA-RRU-CROSSING-N57B,,,69.0416121465959,FIRIS Perimeter,,2025/05/20 21:37:14,,Inactive
"3100",317642c2-34d3-45cd-a169-73b0eac0114e,Heat Perimeter,FIRIS,2025/05/20 22:22:43,CA-RRU-CROSSING-N57B,,,112.000848853352,FIRIS Perimeter,,2025/05/20 22:14:02,,Inactive
"3101",d3de3604-6adb-4e47-b783-9a0c0ae8b37f,Heat Perimeter,FIRIS,2025/05/21 00:46:26,CA-MER-MISSION-N40Y,,,38.9877562644027,FIRIS Perimeter,,2025/05/21 00:15:20,,Inactive
"3102",42d62ac6-bdb2-473d-8a2d-b17fe260e9cf,Heat Perimeter,FIRIS,2025/05/21 02:07:56,CA-BDC-AUBURN-N57B,,,54.2375455430236,FIRIS Perimeter,,2025/05/21 02:03:42,,Inactive
"3103",78ed5145-ea9c-4a53-86fa-ca5e693adeb7,Heat Perimeter,CAL FIRE INTEL FLIGHT DATA,2025/05/21 16:03:00,JAW,JAW,a9f7e438-dca3-4844-b26f-addaee316240,4164.82,,,,,Inactive
"3104",163f2b28-21bc-4b67-8e28-70d610c2bb80,Heat Perimeter,FIRIS,2025/05/22 23:07:33,CA-SCU-MIDWAY-N40Y,,,261.832816278409,FIRIS Perimeter,,2025/05/22 23:03:27,,Inactive
"3105",9ca7eee0-a6d9-4407-b1c3-23e35f29240e,Heat Perimeter,NIFC,2025/05/22 23:15:00,2025-CAMMU-011386,DAN,2025-CAMMU-011386,24.44,Wildfire Daily Fire Perimeter,2025/05/22 20:47:39,2025/08/01 19:46:00,2025/08/01 19:46:56,Inactive
"3106",037ae285-9f37-4daa-90e2-e3771955d831,Heat Perimeter,FIRIS,2025/05/23 00:38:05,CA-INF-INN-N40Y,,,37.899215224022,FIRIS Perimeter,,2025/05/22 23:50:07,,Inactive
"3107",9b9d035d-a0e2-4b44-ac9f-83312c961b9a,Heat Perimeter,FIRIS,2025/05/23 00:38:29,CA-INF-INN-N40Y,,,83.2766720856951,FIRIS Perimeter,,2025/05/23 00:21:12,,Inactive
"3108",9000d50a-c7f5-4bee-9bd9-1414eaae5183,Heat Perimeter,FIRIS,2025/05/23 00:57:31,CA-MMU-BLUEBIRD-N40Y,,,1.25774324857549,FIRIS Perimeter,,2025/05/23 00:54:40,,Inactive
"3109",695cdeb6-ba30-4581-891d-399f4b215e10,Heat Perimeter,FIRIS,2025/05/23 05:02:41,CA-INF-INN-N40Y,,,538.332552922149,FIRIS Perimeter,,2025/05/23 04:58:45,,Inactive
"3110",1b700dea-9c0e-4aea-85b2-ad663080179f,Heat Perimeter,CAL FIRE INTEL FLIGHT DATA,2025/05/23 15:00:00,INN,INN,196aa483-4c77-47a8-8671-b1a604911a60,707,,,,,Inactive
"3111",b98d7c49-bb8a-4ac2-b9d1-8ce9047a5ccf,Heat Perimeter,CAL FIRE INTEL FLIGHT DATA,2025/05/23 16:06:00,JAW,JAW,a9f7e438-dca3-4844-b26f-addaee316240,4326.97,,,,,Inactive
"3112",e75ac803-57ad-415a-85db-2fe2ae170500,Heat Perimeter,NIFC,2025/05/24 00:22:18,2025-CABID-000733,Inn,2025-CABID-000733,727.204723116691,Wildfire Daily Fire Perimeter,2025/05/22 22:35:00,2025/05/24 00:22:18,2025/05/26 16:43:22,Inactive
"3113",bc02ae0f-556c-4ca9-920a-cdbf243a7df3,Heat Perimeter,USFS,2025/05/25 20:23:04,CA-ANF-TRAININGBOQUET-N50X,,,613.20853909458,Heat Perimeter: 613ACRES 5/25 20:21:12,,2025/05/25 20:21:12,,Inactive
"3114",6bd4ddb6-ad11-4a96-8afd-4f5d01f9d57a,Heat Perimeter,FIRIS,2025/05/26 21:39:35,CA-LNU-CHERRY-N40Y,,,49.180109682307,FIRIS Perimeter,,2025/05/26 21:24:53,,Inactive
"3115",4c6fcad7-f0d2-456b-ba8c-cbacd80d5883,Heat Perimeter,FIRIS,2025/05/27 00:14:54,CA-MMU-RUN-N40Y,,,420.010680008201,FIRIS Perimeter,,2025/05/27 00:04:23,,Inactive
"3116",66a10008-14e1-4bbb-a1d6-a206d5559a1c,Heat Perimeter,USFS,2025/05/27 22:25:33,CA-BID-INN-N50X,,,726.908993230909,Heat Perimeter: 727ACRES 5/27 22:23:54,,2025/05/27 22:23:54,,Inactive
"3117",676529c9-625f-40f8-a8c7-e1c1a28c6eb1,Heat Perimeter,FIRIS,2025/05/29 00:59:50,CA-SKU-JUNIPER-N40Y,,,49.9966261771816,FIRIS Perimeter,,2025/05/29 00:46:33,,Inactive
"3118",94b12010-7647-42c7-8b2c-91db8c749762,Heat Perimeter,FIRIS,2025/05/29 23:04:17,CA-KRN-FRAZIER-N42Z,,,43.1311855648659,FIRIS Perimeter,,2025/05/29 22:40:08,,Inactive
"3119",5ca8884d-91d4-49c3-a088-4eaa8ef5f40d,Heat Perimeter,FIRIS,2025/05/30 20:35:58,CA-JTP-EUREKA-N42Z,,,163.667652393163,FIRIS Perimeter,,2025/05/30 20:24:57,,Inactive
"3120",463c4cc8-1050-4a7a-9d85-b8aa2d3ea6e4,Heat Perimeter,USFS,2025/05/30 21:44:38,CA-LPF-FRAZIER-N50X,,,95.8963582833873,Heat Perimeter: 96ACRES 5/30 21:25:13,,2025/05/30 21:25:13,,Inactive
"3121",35bf49ff-21f4-446c-a158-e42194f913f6,Heat Perimeter,NIFC,2025/05/31 01:14:33,2025-CAJTP-008653,EUREKA,2025-CAJTP-008653,175,Wildfire Daily Fire Perimeter,2025/05/30 18:57:36,2025/05/30 19:19:03,2025/05/31 07:04:51,Inactive
"3122",dbc7558d-c71e-4653-a869-14e17778c92c,Heat Perimeter,FIRIS,2025/05/31 01:49:49,CA-SDU-HENDERSON-N42Z,,,59.1875916062296,FIRIS Perimeter,,2025/05/31 01:36:18,,Inactive
"3123",90cab714-2fed-45fe-81d1-2e1a8d6943a5,Heat Perimeter,FIRIS,2025/05/31 02:18:48,CA-SDU-HENDERSON-N42Z,,,145.387894068715,FIRIS Perimeter,,2025/05/31 02:05:40,,Inactive
"3124",de3349d4-699b-4f13-92f5-20bd80193af9,Heat Perimeter,FIRIS,2025/05/31 02:38:25,CA-SDU-HENDERSON-N42Z,,,182.677515577883,FIRIS Perimeter,,2025/05/31 02:29:43,,Inactive
"3125",0dda832a-1635-4398-8af2-c0f428c43cdb,Heat Perimeter,USFS,2025/05/31 17:37:43,CA-LPF-FRAZIER-N50X,,,104.448686209608,Heat Perimeter: 105ACRES 5/31 17:33:11,,2025/05/31 17:33:11,,Inactive
"3126",987c2467-938b-4cc0-b778-82e08846fdd0,Heat Perimeter,USFS,2025/05/31 18:59:13,CA-JTP-EUREKA-N50X,,,214.080617442982,Heat Perimeter: 214ACRES 5/31 18:43:33,,2025/05/31 18:43:33,,Inactive
"3127",1cd6c9ff-8fbc-4420-a2cc-732e5ee956aa,Heat Perimeter,USFS,2025/05/31 19:30:36,CA-SDU-HENDERSON-N50X,,,255.431389065912,Heat Perimeter: 256ACRES 5/31 19:29:19,,2025/05/31 19:29:19,,Inactive
"3128",546f1072-6b51-4691-b3bb-e92761a5ebad,Heat Perimeter,USFS,2025/06/01 11:05:38,CA-LPF-BERGES-N50X,,,0.230173316797197,Heat Perimeter: 1ACRE 6/1 09:55:29,,2025/06/01 09:55:29,,Inactive
"3129",c29e3a9c-7257-433b-afae-992596696376,Heat Perimeter,USFS,2025/06/01 11:08:11,CA-LPF-CORRAL-N50X,,,7.97516036801959,Heat Perimeter: 8ACRES 6/1 09:21:28,,2025/06/01 09:21:28,,Inactive
"3130",97ca4adb-d313-4682-8167-42fc929c99b4,Heat Perimeter,USFS,2025/06/01 11:08:49,CA-LPF-HIJACK-N50X,,,0.00141090635473656,Heat Perimeter: 1ACRE 6/1 08:50:53,,2025/06/01 08:50:53,,Inactive
"3131",74ed43ff-6018-400c-9af3-5bb1a36de2e3,Heat Perimeter,USFS,2025/06/02 01:56:38,CA-LPF-BERGES-N50X,,,0.230173316797197,Heat Perimeter: 1ACRE 6/1 09:55:29,,2025/06/01 09:55:29,,Inactive
"3132",731a09d9-0d28-4ca4-a925-907b441d6dc4,Heat Perimeter,USFS,2025/06/02 02:01:04,CA-LPF-BERGES-N50X,,,0.230173316797197,Heat Perimeter: 1ACRE 6/1 09:55:29,,2025/06/01 09:55:29,,Inactive
"3133",7d4712c8-5cfa-4f84-aa04-c00c1b528afc,Heat Perimeter,USFS,2025/06/02 02:14:16,CA-LPF-BERGAS-N50X,,,0.230173316797197,Heat Perimeter: 1ACRE 6/1 09:55:29,,2025/06/01 09:55:29,,Inactive
"3134",46e8ca62-41b7-4391-b763-a8742e69fd85,Heat Perimeter,FIRIS,2025/06/03 00:00:10,CA-SCU-VISTAGRANDE-N40Y,,,43.5861519561879,FIRIS Perimeter,,2025/06/02 23:56:16,,Inactive
"3135",57139c57-e3bb-48ac-b1eb-b5d6fdb160b3,Heat Perimeter,FIRIS,2025/06/03 00:42:39,CA-SCU-VISTAGRANDE-N40Y,,,61.9712665508199,FIRIS Perimeter,,2025/06/03 00:38:27,,Inactive
"3136",6ae16f78-5153-4efe-af1a-d56ab0a3ebd1,Heat Perimeter,FIRIS,2025/06/03 01:25:42,CA-FKU-RECTOR-N42Z,,,56.258038519657,FIRIS Perimeter,,2025/06/03 01:11:21,,Inactive
"3137",55d9accc-1fe1-49ae-ad5c-8efd78b9ca61,Heat Perimeter,FIRIS,2025/06/04 04:54:15,CA-LMU-Byers-N40Y,,,106.584758060408,FIRIS Perimeter,,2025/06/04 04:42:03,,Inactive
"3138",fd739967-74b5-4c26-a22e-605e9d434ec2,Heat Perimeter,NIFC,2025/06/04 05:46:32,2025-CALMU-002938,BYERS,2025-CALMU-002938,106,Wildfire Daily Fire Perimeter,2025/06/04 01:51:21,2025/06/04 01:53:09,2025/07/25 19:35:30,Inactive
"3139",c204f7fe-824c-495e-893e-03d964483b7b,Heat Perimeter,FIRIS,2025/06/05 10:29:36,CA-KRN-FORT-N42Z,,,133.247207773342,FIRIS Perimeter,,2025/06/05 10:22:54,,Inactive
"3140",4a116870-d946-4c44-8258-79454e4a4805,Heat Perimeter,FIRIS,2025/06/09 05:28:03,CA-SHU-Reading-N40Y,,,39.3791612124679,FIRIS Perimeter,,2025/06/09 05:09:06,,Inactive
"3141",1aeaf56a-ec70-4d26-9918-361e879fc2f5,Heat Perimeter,FIRIS,2025/06/10 21:00:05,CA-RRU-CAHUILLA-N42Z,,,133.823350174471,FIRIS Perimeter,,2025/06/10 20:56:51,,Inactive
"3142",4d033b6f-4890-447a-bcf5-d9c2c671045d,Heat Perimeter,FIRIS,2025/06/10 21:56:29,CA-BDU-RANCH-N42Z,RANCH,,369.206841196337,FIRIS Perimeter,,2025/06/10 21:54:18,,Inactive
"3143",2fa8ee0a-a5ca-40bb-95b3-897e72d076db,Heat Perimeter,FIRIS,2025/06/10 23:12:23,CA-BDU-RANCH-N42Z,RANCH,,1532.89580919783,FIRIS Perimeter,,2025/06/10 22:59:33,,Inactive
"3144",fa154c8b-1313-40bc-a423-a0d9bc9f04ac,Heat Perimeter,FIRIS,2025/06/11 04:29:06,CA-BDU-RANCH-N42Z,RANCH,,4204.55156611689,FIRIS Perimeter,,2025/06/11 04:16:46,,Inactive
"3145",88de53aa-df44-4979-b35b-ab50340c3cd0,Heat Perimeter,FIRIS,2025/06/12 23:25:42,CA-SDU-CLARO-N42Z,,,44.6301033034796,FIRIS Perimeter,,2025/06/12 23:05:24,,Inactive
"3146",a3938a98-5329-4b05-9ea9-17cb9f06e9e8,Heat Perimeter,FIRIS,2025/06/13 00:57:06,CA-FKU-FIRESTONE-N42Z,,,331.996928084329,FIRIS Perimeter,,2025/06/13 00:49:11,,Inactive
"3147",c59b0f68-6d6c-4083-882c-39a76df6278c,Heat Perimeter,CAL FIRE INTEL FLIGHT DATA,2025/06/13 16:13:00,HUDSON,HUDSON,6c79f261-bc88-4ffb-b535-a7a5b473f52e,623.72,,,,,Inactive
"3148",13982969-891b-444d-b5e6-8dd2bd7ac8c2,Heat Perimeter,CAL FIRE INTEL FLIGHT DATA,2025/06/13 17:00:49,FIRESTONE,FIRESTONE,baead3a6-da31-478a-b52f-f865129f24ee,482.63,,,,,Inactive
"3149",b27f5024-8a02-4afb-a8e1-e9f688f1b3c3,Heat Perimeter,FIRIS,2025/06/13 22:53:19,CA-LNU-LIDA-N40Y,,,110.733614235857,FIRIS Perimeter,,2025/06/13 22:43:25,,Inactive
"3150",2e940041-0f4c-435e-9744-a9fb8fb52082,Heat Perimeter,FIRIS,2025/06/14 02:40:05,CA-KRN-DOGS-N42Z,,,4406.82917398412,FIRIS Perimeter,,2025/06/14 02:05:07,,Inactive
"3151",36454468-19c6-42e2-9527-5f850c25d2c5,Heat Perimeter,FIRIS,2025/06/14 23:42:52,CA-SLU-BITTER-N42Z,,,863.065889379664,FIRIS Perimeter,,2025/06/14 23:38:16,,Inactive
"3152",3a5cd211-eb22-498f-b17a-80d14d25a337,Heat Perimeter,FIRIS,2025/06/16 01:29:25,CA-RRU-VISTA-N42Z,,,10.1255358194283,FIRIS Perimeter,,2025/06/16 01:22:53,,Inactive
"3153",4c03d03d-7aa7-4325-b9d9-ebb77432a7d5,Heat Perimeter,FIRIS,2025/06/16 20:14:51,CA-BDF-MATHEWS-N42Z,,,3.39687375039742,FIRIS Perimeter,,2025/06/16 20:08:35,,Inactive
"3154",319e296a-c7b8-45df-b05e-d7a73bbab599,Heat Perimeter,FIRIS,2025/06/16 23:01:41,CA-SCU-MISSION-N40Y,,,65.9078731865243,FIRIS Perimeter,,2025/06/16 22:23:11,,Inactive
"3155",431a313d-9b10-4219-b21a-a07550a6eb76,Heat Perimeter,FIRIS,2025/06/16 23:14:36,CA-SDU-MISSION2-N42Z,,,21.3892414736595,FIRIS Perimeter,,2025/06/16 23:03:33,,Inactive
"3156",ef823a0b-a3f1-4af3-99a9-06614513f906,Heat Perimeter,FIRIS,2025/06/16 23:37:16,CA-BEU-CARMEL-N40Y,,,0.929257932540314,FIRIS Perimeter,,2025/06/16 23:21:04,,Inactive
"3157",c2524166-bdfa-4bba-bd83-a9827f95f612,Heat Perimeter,FIRIS,2025/06/17 02:32:39,CA-VNC-HOWE-N42Z,HOWE,,38.3141166166185,FIRIS Perimeter,,2025/06/17 02:30:25,,Inactive
"3158",9eeb3777-0501-4db4-956b-1e59cd3a1377,Heat Perimeter,FIRIS,2025/06/17 03:02:14,CA-VNC-MARIA-N42Z,MARIA,,50.0295202485977,FIRIS Perimeter,,2025/06/17 02:47:47,,Inactive
"3159",9bad0ddc-5f19-438f-a313-49db9d90ece0,Heat Perimeter,FIRIS,2025/06/17 22:54:03,CA-AEU-BONANZA-N40Y,BONANZA,,21.1713276656653,FIRIS Perimeter,,2025/06/17 22:42:52,,Inactive
"3160",326fa937-d752-41f6-a5b1-645e1c85e299,Heat Perimeter,FIRIS,2025/06/17 23:29:01,CA-AEU-BONANZA-N40Y,BONANZA,,62.511492725118,FIRIS Perimeter,,2025/06/17 23:23:45,,Inactive
"3161",46529cca-e81d-446f-9152-160dc0cf916a,Heat Perimeter,FIRIS,2025/06/17 23:29:34,CA-SDU-MONTE-N42Z,MONTE,,312.061761732603,FIRIS Perimeter,,2025/06/17 23:14:40,,Inactive
"3162",2339564e-1758-406f-9d7c-e88b3a2933f8,Heat Perimeter,FIRIS,2025/06/18 01:58:56,CA-SCU-RANCH-N40Y,RANCH PL,,92.3529221773243,FIRIS Perimeter,,2025/06/18 01:08:58,,Inactive
"3163",d510e973-9419-46c1-8da9-444f84f7f69d,Heat Perimeter,CAL FIRE INTEL FLIGHT DATA,2025/06/18 03:26:00,BONANZA,BONANZA,0e64e592-547c-457d-9e79-91350b868e42,181.24,,,,,Inactive
"3164",dfb3c804-e9df-455b-85e8-c97b34ce128e,Heat Perimeter,CAL FIRE INTEL FLIGHT DATA,2025/06/18 20:49:00,MONTE,MONTE,2f3488c6-736d-4161-aff6-a7729a7e28c0,868.12,,,,,Inactive
"3165",2b1d2622-be79-4197-9058-d1574330ebd6,Heat Perimeter,FIRIS,2025/06/19 01:21:25,CA-RRU-RIDER-N42Z,,,49.8605999133887,FIRIS Perimeter,,2025/06/19 01:13:48,,Inactive
"3166",6762f8df-f6c7-4b13-a0bd-619b489a0994,Heat Perimeter,FIRIS,2025/06/19 03:22:05,CA-SCU-SOMERSVILLE-N40Y,,,209.235203479265,FIRIS Perimeter,,2025/06/19 03:15:47,,Inactive
"3167",84ae930c-f352-4a06-bc5c-cb198b85681a,Heat Perimeter,CAL FIRE INTEL FLIGHT DATA,2025/06/19 18:30:00,MONTE,MONTE,2f3488c6-736d-4161-aff6-a7729a7e28c0,1048.23,,,,,Inactive
"3168",82175ee1-363d-42cc-a9d7-95492ed83f08,Heat Perimeter,NIFC,2025/06/19 18:30:00,2025-CASDU-014328,MONTE,2025-CASDU-014328,1049.01954133228,Wildfire Daily Fire Perimeter,2025/06/17 21:26:46,2025/06/19 19:11:41,2025/06/21 01:09:23,Inactive
"3169",a9fd9e52-ebe0-4c9a-9c3a-7366828ad094,Heat Perimeter,FIRIS,2025/06/19 22:03:15,CA-SHU-RANCHO-N40Y,,,156.84647306908,FIRIS Perimeter,,2025/06/19 22:00:33,,Inactive
"3170",a92532a4-39c7-4e66-be84-cf1062e8369f,Heat Perimeter,FIRIS,2025/06/19 23:33:12,CA-SDU-HAWICK-N42Z,,,50.6212203031692,FIRIS Perimeter,,2025/06/19 23:03:42,,Inactive
"3171",6683dc81-5785-4b5c-acc4-b34c48bd7af9,Heat Perimeter,CAL FIRE INTEL FLIGHT DATA,2025/06/20 00:51:00,MONTE,MONTE,2f3488c6-736d-4161-aff6-a7729a7e28c0,1049.02,,,,,Inactive
"3172",5db6ef30-3686-4403-bc40-64652daae88a,Heat Perimeter,FIRIS,2025/06/20 20:55:23,CA-NEU-SERENDIPITY-N40Y,,,2.72414067735512,FIRIS Perimeter,,2025/06/20 20:45:42,,Inactive
"3173",51c1bb79-d137-4d69-979a-3b4d47e510ce,Heat Perimeter,CAL FIRE INTEL FLIGHT DATA,2025/06/20 21:22:00,MONTE,MONTE,2f3488c6-736d-4161-aff6-a7729a7e28c0,1050.81,,,,,Inactive
"3174",74aa6c7f-1c7f-49d2-9df0-6d20e927e5d1,Heat Perimeter,CAL FIRE INTEL FLIGHT DATA,2025/06/20 21:47:00,MEXICO ASSIST,MEXICO ASSIST,df1f4360-1ce1-4f4c-ba46-3be14410158f,100.06,,,,,Inactive
"3175",a18fb799-f08a-4c39-bdb6-daaac754247e,Heat Perimeter,NIFC,2025/06/20 22:21:50,2025-CALUR-000840,SANDY,2025-CALUR-000840,0.25,Wildfire Daily Fire Perimeter,2025/06/20 22:18:25,2025/06/20 22:21:50,2025/08/01 18:56:26,Inactive
"3176",202e43f6-6788-4117-9eb2-f7805a7af8ea,Heat Perimeter,FIRIS,2025/06/21 01:04:14,CA-SHU-KNOLL-N40Y,,,2.84262669153209,FIRIS Perimeter,,2025/06/21 00:55:33,,Inactive
"3177",f56ae044-8c64-426e-810e-348d17e70260,Heat Perimeter,CAL FIRE INTEL FLIGHT DATA,2025/06/21 02:43:00,CONNOR,CONNOR,,13900.91,,,,,Inactive
"3178",775f74b6-bf28-44ba-a17f-184c7ab26879,Heat Perimeter,FIRIS,2025/06/21 20:43:44,CA-XST-TRAINING25-N40Y,,,2.92214906002072,FIRIS Perimeter,,2025/06/21 20:39:51,,Inactive
"3179",a2daf3c4-e51c-488f-a40d-16c76c559feb,Heat Perimeter,FIRIS,2025/06/23 03:18:12,CA-TCU-GRIZZLY-N40Y,,,44.0042103905849,FIRIS Perimeter,,2025/06/23 03:09:20,,Inactive
"3180",b32049dd-f336-402d-8d16-b75ef42e4f38,Heat Perimeter,CAL FIRE INTEL FLIGHT DATA,2025/06/23 18:06:00,GRIZZLY,GRIZZLY,67eb5e07-1b23-491a-bdbe-f663301b5de5,46.83,,,,,Inactive
"3181",d345d1da-f99c-4f28-aef3-1bf6b0493e64,Heat Perimeter,FIRIS,2025/06/23 20:43:54,CA-SCU-RODEO-N40Y,,,61.9941722183246,FIRIS Perimeter,,2025/06/23 20:41:31,,Inactive
"3182",d854298a-3a11-44fc-8115-1fff1d919857,Heat Perimeter,NIFC,2025/06/24 01:59:50,2025-CALUR-000872,CA-LUR-WASHINGTON,2025-CALUR-000872,45.8,Wildfire Daily Fire Perimeter,2025/06/23 22:35:33,2025/06/23 22:38:28,2025/06/24 15:59:28,Inactive
"3183",ee5ade4f-a9fe-4181-9619-483e39df4630,Heat Perimeter,FIRIS,2025/06/24 22:12:59,CA-LNU-CACHE-N40Y,,,9.76539295079858,FIRIS Perimeter,,2025/06/24 22:07:22,,Inactive
"3184",cb526ca0-09cc-47ab-ad8d-58d9f8454100,Heat Perimeter,FIRIS,2025/06/25 13:47:54,CA-FKU-DIAS-N40Y,,,520.042869068819,FIRIS Perimeter,,2025/06/25 13:41:19,,Inactive
"3185",44a5778d-78e2-4e27-8ed3-1a34db9c1747,Heat Perimeter,CAL FIRE INTEL FLIGHT DATA,2025/06/25 21:58:00,DIAS,DIAS,7aed8ff2-0811-4971-9583-c22bf2150e78,852.09,,,,,Inactive
"3186",ea670c97-f435-4edb-ab39-2df713ebae52,Heat Perimeter,FIRIS,2025/06/26 00:50:42,CA-RRU-FLEMING-N42Z,,,18.6141955398355,FIRIS Perimeter,,2025/06/26 00:43:06,,Inactive
"3187",4ce906af-d684-43b7-b749-91785e88fc87,Heat Perimeter,FIRIS,2025/06/26 01:19:44,CA-INF-DRY-N40Y,,,11.3697662954773,FIRIS Perimeter,,2025/06/26 01:13:52,,Inactive
"3188",a72e063e-2a48-46d3-b135-abfd4f39e296,Heat Perimeter,FIRIS,2025/06/26 21:50:51,CA-LAC-JASPER-N42Z,,,36.6340001701357,FIRIS Perimeter,,2025/06/26 21:42:50,,Inactive
"3189",87b035db-16f3-4aad-b1cc-457ac867ba34,Heat Perimeter,FIRIS,2025/06/27 03:26:52,CA-MMU-RED-N40Y,,,53.7965409247154,FIRIS Perimeter,,2025/06/27 03:21:38,,Inactive
"3190",9ed167a7-ea7f-4e8c-8b76-3090b7870a30,Heat Perimeter,FIRIS,2025/06/27 09:19:15,CA-TUU-SADDLE-N42Z,,,82.9956897183917,FIRIS Perimeter,,2025/06/27 09:06:27,,Inactive
"3191",66d1e93f-a142-4507-a15c-a0bb44f800df,Heat Perimeter,FIRIS,2025/06/28 00:43:47,CA-TCU-SHALOM-N40Y,,,5.14857584934992,FIRIS Perimeter,,2025/06/28 00:39:36,,Inactive
"3192",e1618f7d-76b9-42af-ae02-d1e5e42c5b84,Heat Perimeter,CAL FIRE INTEL FLIGHT DATA,2025/06/28 18:52:00,DUSTIN,DUSTIN,39cfae50-6ccd-40af-8c86-578b1c0e27fd,0.72,,,,,Inactive
"3193",87642753-d940-4ea8-9e71-4c0a5daf1e6e,Heat Perimeter,FIRIS,2025/06/29 02:01:10,CA-BDU-LAKE-N40Y,,,446.173774129144,FIRIS Perimeter,,2025/06/29 01:54:18,,Inactive
"3194",de910138-5229-41f1-97b1-0108c404d577,Heat Perimeter,FIRIS,2025/06/29 02:39:19,CA-BDU-LAKE-N40Y,,,477.863573086302,FIRIS Perimeter,,2025/06/29 02:32:11,,Inactive
"3195",81e5b371-d279-43f9-bb90-4c576a89b524,Heat Perimeter,CAL FIRE INTEL FLIGHT DATA,2025/06/29 19:31:00,LAKE,LAKE,38f6103a-97e7-4563-b621-0aa9218a0caf,485.31,,,,,Inactive
"3196",0ad8809f-e6e1-4f1f-8007-727483c99b05,Heat Perimeter,FIRIS,2025/06/29 20:18:50,CA-NEU-MARYSVILLE-N40Y,,,19.8681873588543,FIRIS Perimeter,,2025/06/29 20:04:08,,Inactive
"3197",0aa1873a-5e9c-415c-9430-e3aef168f5cc,Heat Perimeter,FIRIS,2025/06/29 22:04:15,CA-RIV-MANDALAY-N57B,,,63.0746138320373,FIRIS Perimeter,,2025/06/29 21:53:27,,Inactive
"3198",e1f46d5f-815a-44b2-a145-6e58f6c7b604,Heat Perimeter,FIRIS,2025/06/29 22:49:41,CA-RRU-WOLF-N57B,,,61.6667382151964,FIRIS Perimeter,,2025/06/29 22:41:53,,Inactive
"3199",ac5683a5-9f0d-49e1-80c4-8572805d5646,Heat Perimeter,FIRIS,2025/06/29 23:56:59,CA-RRU-MINDY-N57B,,,72.545702084529,FIRIS Perimeter,,2025/06/29 23:52:09,,Inactive
"3200",72d95b44-c828-4aa8-840c-42ccaaf7e505,Heat Perimeter,FIRIS,2025/06/29 23:57:18,CA-BDU-CABLE-N57B,,,12.6638372508072,FIRIS Perimeter,,2025/06/29 23:17:02,,Inactive
"3201",62e53b61-7355-4f4b-805e-a131b45a35b9,Heat Perimeter,CAL FIRE INTEL FLIGHT DATA,2025/06/30 00:28:00,MANDALAY,MANDALAY,f84c3054-3c33-4f67-a409-4ea5e18f041e,83.11,,,,,Inactive
"3202",ad998de6-f966-48e3-991e-b5b73551bac1,Heat Perimeter,FIRIS,2025/06/30 00:34:52,CA-RRU-WOLF-57B,,,802.307396674208,FIRIS Perimeter,,2025/06/30 00:29:04,,Inactive
"3203",acdf51d8-2004-410c-be20-c7c130006fd9,Heat Perimeter,CAL FIRE INTEL FLIGHT DATA,2025/06/30 00:45:00,WOLF,WOLF,39bde8ca-532d-4178-b5f6-47a4b1d62dec,1164.88,,,,,Inactive
"3204",e9f687b7-5150-4e6a-8f62-0fd8e7df34b1,Heat Perimeter,CAL FIRE INTEL FLIGHT DATA,2025/06/30 00:56:00,MINDY,MINDY,b1c23909-d97e-43ef-a0b4-3840ddb4ce71,99.59,,,,,Inactive
"3205",44409160-fa76-489b-a991-2c5658fba411,Heat Perimeter,FIRIS,2025/06/30 19:29:45,CA-RRU-JUNIPER-N57B,,,111.129122509037,FIRIS Perimeter,,2025/06/30 19:22:17,,Inactive
"3206",5be9f7da-c13d-4831-8c0d-31b27dbad7c5,Heat Perimeter,FIRIS,2025/06/30 20:13:13,CA-RRU-JUNIPER-N57B,,,407.408097547949,FIRIS Perimeter,,2025/06/30 20:09:55,,Inactive
"3207",b307c5c6-5485-48fe-801b-e33f90f4f119,Heat Perimeter,CAL FIRE INTEL FLIGHT DATA,2025/06/30 20:48:00,WOLF,WOLF,39bde8ca-532d-4178-b5f6-47a4b1d62dec,2413.62,,,,,Inactive
"3208",3ef17f18-fea2-43fb-afb8-87b881334f5d,Heat Perimeter,FIRIS,2025/06/30 20:54:51,CA-RRU-JUNIPER-N57B,,,560.160575519721,FIRIS Perimeter,,2025/06/30 20:48:32,,Inactive
"3209",5224e65b-1f31-409b-a8cd-298c4d92dde8,Heat Perimeter,CAL FIRE INTEL FLIGHT DATA,2025/06/30 21:01:00,MINDY,MINDY,b1c23909-d97e-43ef-a0b4-3840ddb4ce71,109.09,,,,,Inactive
"3210",9e541bd0-a9ca-44be-92d3-659bcb8a07d6,Heat Perimeter,CAL FIRE INTEL FLIGHT DATA,2025/06/30 21:13:00,JUNIPER,JUNIPER,52eae320-7a22-4bc1-81a7-ae55f57fb2ae,688.58,,,,,Inactive
"3211",b264913f-9e3f-46ed-9ce9-f3db33a8f521,Heat Perimeter,CAL FIRE INTEL FLIGHT DATA,2025/07/01 19:10:00,SUMMIT,SUMMIT,4d636c0b-a08b-44d2-a6fb-0fa6086997ff,2.19,,,,,Inactive
"3212",a6b2c920-5d40-4a20-89d7-7a5f3ec5493b,Heat Perimeter,CAL FIRE INTEL FLIGHT DATA,2025/07/01 22:37:00,JUNIPER,JUNIPER,52eae320-7a22-4bc1-81a7-ae55f57fb2ae,755.5,,,,,Inactive
"3213",4a4388ed-b435-438e-a6bb-2178c15b9634,Heat Perimeter,CAL FIRE INTEL FLIGHT DATA,2025/07/01 22:58:00,LAKE,LAKE,f798e943-8cce-49a5-92cf-c9690f7acbaf,488.9,,,,,Inactive
"3214",c94c658d-febb-4c10-9f09-604ba0fcfe15,Heat Perimeter,FIRIS,2025/07/02 02:31:13,CA-LNU-OAKDALE-N40Y,,,78.2615458966012,FIRIS Perimeter,,2025/07/02 02:15:42,,Inactive
"3215",d4333bff-2270-42d3-b594-8e8dbaecab9f,Heat Perimeter,FIRIS,2025/07/02 21:53:13,CA-SHF-HORSE-N40Y,,,53.7316960682965,FIRIS Perimeter,,2025/07/02 21:50:05,,Inactive
"3216",dd2bff8c-5dec-4d9f-a897-aa1af27f7ac0,Heat Perimeter,FIRIS,2025/07/02 21:55:34,CA-LPF-MADRE-N57B,MADRE,,3307.68547873321,FIRIS Perimeter,,2025/07/02 21:46:50,,Inactive
"3217",bda0c563-4f7e-49de-b273-a28fd3eb5002,Heat Perimeter,FIRIS,2025/07/02 23:07:48,CA-LPF-MADRE-N57B,MADRE,,8396.0827926172,FIRIS Perimeter,,2025/07/02 22:48:20,,Inactive
"3218",2544a11e-94b2-49b5-978e-f2b717546498,Heat Perimeter,NIFC,2025/07/03 02:58:59,2025-CASHF-000575,HORSE,2025-CASHF-000575,430.107258463806,Wildfire Daily Fire Perimeter,2025/07/02 19:53:57,2025/07/02 20:30:24,2025/07/07 01:33:59,Inactive
"3219",224c804d-f171-4a87-8fd1-c11b8e2380e5,Heat Perimeter,FIRIS,2025/07/03 06:42:10,CA-LPF-MADRE-N57B,MADRE,,35530.4530452658,FIRIS Perimeter,,2025/07/03 06:34:32,,Inactive
"3220",90fa77e8-cc78-484e-81e5-5dc7eae0dff5,Heat Perimeter,NIFC,2025/07/03 09:38:48,2025-CALPF-001817,MADRE,2025-CALPF-001817,35530.4417847152,Wildfire Daily Fire Perimeter,2025/07/02 20:07:00,2025/07/03 09:38:48,2025/07/03 09:38:48,Inactive
"3221",5c536c2b-f8d9-4420-9b32-efa30736e40e,Heat Perimeter,CAL FIRE INTEL FLIGHT DATA,2025/07/03 18:01:00,GREEN,GREEN,f3a7dbcb-c6c0-442a-a9ca-aa18cc9ef80a,96.69,,,,,Inactive
"3222",f2be9120-ea0a-46e8-ab81-042f80be58e6,Heat Perimeter,CAL FIRE INTEL FLIGHT DATA,2025/07/03 18:10:00,HORSE,HORSE,9394a632-15e3-4d83-b956-d66a2bbad9be,274.63,,,,,Inactive
"3223",c35855bd-989a-43db-84ce-572af850f2cb,Heat Perimeter,CAL FIRE INTEL FLIGHT DATA,2025/07/03 19:14:00,SUMMIT,SUMMIT,4d636c0b-a08b-44d2-a6fb-0fa6086997ff,34.96,,,,,Inactive
"3224",5d12301a-d434-435f-acb8-f4dd72d56870,Heat Perimeter,NIFC,2025/07/03 19:34:39,2025-CAKRN-027762,HUDSON,2025-CAKRN-027762,610.81,Wildfire Daily Fire Perimeter,2025/06/13 05:11:00,2025/07/03 19:34:41,2025/07/03 19:34:41,Inactive
"3225",78340e45-7396-4134-9ec6-78fa00728bdc,Heat Perimeter,CAL FIRE INTEL FLIGHT DATA,2025/07/03 19:45:00,HELENA,HELENA,5aced07c-e31e-4238-84f0-f36249998b6b,11.85,,,,,Inactive
"3226",5468ce1a-92aa-47b0-a813-b1be61abebbe,Heat Perimeter,CAL FIRE INTEL FLIGHT DATA,2025/07/03 19:52:00,JACKET,JACKET,9b36da2f-306a-47b6-a1a5-2e4684de5247,17.1,,,,,Inactive
"3227",7159406c-9c19-4ade-acd8-aad93704c5b9,Heat Perimeter,CAL FIRE INTEL FLIGHT DATA,2025/07/03 20:43:00,HOLLOW,HOLLOW,,3.25,,,,,Inactive
"3228",57a301b2-6208-4c84-b5e1-0d691ec1c82e,Heat Perimeter,FIRIS,2025/07/03 21:01:08,CA-NEU-RAVINE-N40Y,,,34.3725527653072,FIRIS Perimeter,,2025/07/03 20:57:40,,Inactive
"3229",bc0c00af-9f70-4072-97b2-eee4fd7e191f,Heat Perimeter,USFS,2025/07/03 22:05:44,CAKNFNONAMEN14HX070320251130,,,11.2143745607472,Heat Perimeter 7/3 20:31:04,,2025/07/03 20:31:04,,Inactive
"3230",66e5fce0-833b-4ede-a15d-25450da815d4,Heat Perimeter,USFS,2025/07/03 22:05:44,CAKNFNONAMEN14HX070320251130,,,11.2143745607472,Heat Perimeter 7/3 20:31:04,,2025/07/03 20:31:04,,Inactive
"3231",d3f32226-6e3c-4f50-8795-b1dfa02af171,Heat Perimeter,USFS,2025/07/03 22:12:54,CAKNFSUMMIT14HX,,,49.0635341439293,Heat Perimeter 7/3 20:31:04,,2025/07/03 20:31:04,,Inactive
"3232",8f052e2a-f2c7-4661-aa9a-9264ec776fec,Heat Perimeter,FIRIS,2025/07/03 22:32:45,CA-LPF-MADRE-57B,MADRE,,52592.8912433618,FIRIS Perimeter,,2025/07/03 22:27:42,,Inactive
"3233",e85e4044-79ad-41dc-9650-f2f1e8237c59,Heat Perimeter,CAL FIRE INTEL FLIGHT DATA,2025/07/04 18:19:00,MADRE,MADRE,1ab682f7-cc0f-4dce-87a4-fa4a9b67ab05,70800.49,,,,,Inactive
"3234",2197d353-840c-4db7-8139-d7a2579f7a12,Heat Perimeter,USFS,2025/07/04 18:53:10,CA-SHF-GREEN-N874EB,GREEN,,224.100429940743,Heat Perimeter 7/4 18:52:04,,2025/07/04 18:52:04,,Inactive
"3235",b2e53490-0fff-47f2-bfff-59ac300a84f1,Heat Perimeter,FIRIS,2025/07/04 20:52:15,CA-BTU-DISTRICT-N40Y,,,42.1240750501715,FIRIS Perimeter,,2025/07/04 20:46:14,,Inactive
"3236",de2456bf-1a0a-46ad-894d-d83374ea7e8f,Heat Perimeter,CAL FIRE INTEL FLIGHT DATA,2025/07/04 23:08:00,HELENA,HELENA,5aced07c-e31e-4238-84f0-f36249998b6b,101.94,,,,,Inactive
"3237",cdabf7dd-a5ce-4c86-bfda-7bd0f816275a,Heat Perimeter,FIRIS,2025/07/04 23:10:23,CA-BTU-GROVE-N40Y,,,68.3430838048816,FIRIS Perimeter,,2025/07/04 23:04:36,,Inactive
"3238",e0c659d1-2282-45d3-ad49-c503750bde12,Heat Perimeter,CAL FIRE INTEL FLIGHT DATA,2025/07/04 23:20:00,BUTLER,BUTLER,f1930125-5993-4672-a058-74ad25f35e3f,26.54,,,,,Active
"3239",09a255fc-79d5-4109-b943-cd75bc5a2765,Heat Perimeter,CAL FIRE INTEL FLIGHT DATA,2025/07/04 23:27:00,SUMMIT,SUMMIT,f24ec5ec-2341-4e5f-8170-d7d36aefa2db,114.97,,,,,Inactive
"3240",64d7b9f0-c1fe-46a9-8b11-79a97777dd6a,Heat Perimeter,CAL FIRE INTEL FLIGHT DATA,2025/07/04 23:27:00,JACKET,JACKET,f24ec5ec-2341-4e5f-8170-d7d36aefa2db,48.08,,,,,Inactive
"3241",a23702f7-b6d5-46b0-9979-7cd4e3a86626,Heat Perimeter,CAL FIRE INTEL FLIGHT DATA,2025/07/04 23:33:00,NO NAME,NO NAME,7ef5f08f-c766-4722-b275-7ade77d2d185,3.63,,,,,Inactive
"3242",cef15520-938c-40e8-a45f-355b89156b1f,Heat Perimeter,FIRIS,2025/07/04 23:38:56,CA-BTU-GROVE-N40Y,,,78.1787638259885,FIRIS Perimeter,,2025/07/04 23:34:55,,Inactive
"3243",ccc8e2bd-718f-4c61-8a89-aea3df621890,Heat Perimeter,CAL FIRE INTEL FLIGHT DATA,2025/07/04 23:52:00,HORSE,HORSE,9394a632-15e3-4d83-b956-d66a2bbad9be,384.13,,,,,Inactive
"3244",506579a8-7ac3-463b-9967-00073a8fcaac,Heat Perimeter,USFS,2025/07/05 02:27:18,CAKNFSUMMIT14HX,,,221.744260068127,Heat Perimeter 7/5 02:00:36,,2025/07/05 02:00:36,,Inactive
"3245",5f921707-0ce1-491f-b469-141ca9f8f73b,Heat Perimeter,USFS,2025/07/05 02:27:18,CAKNFSUMMIT14HX,,,221.744260068127,Heat Perimeter 7/5 02:00:36,,2025/07/05 02:00:36,,Inactive
"3246",f611c820-c62b-45ee-b4ed-c7f731c937c7,Heat Perimeter,USFS,2025/07/05 02:32:01,CASRFBUTLER14HX,,,39.0398451824957,Heat Perimeter 7/5 02:00:36,,2025/07/05 02:00:36,,Inactive
"3247",2e7e367e-be41-4139-a837-2cbb78b1cb74,Heat Perimeter,USFS,2025/07/05 02:32:01,CASRFBUTLER14HX,,,39.0398451824957,Heat Perimeter 7/5 02:00:36,,2025/07/05 02:00:36,,Inactive
"3248",4de1107c-23ac-4288-920b-2bfaed523381,Heat Perimeter,USFS,2025/07/05 18:02:33,CAKNFSUMMIT14HX,,,221.744260068127,Heat Perimeter 7/5 02:00:36,,2025/07/05 02:00:36,,Inactive
"3249",6fb06bed-e0b6-40a7-b52d-8d73b09411c8,Heat Perimeter,CAL FIRE INTEL FLIGHT DATA,2025/07/05 18:39:00,MADRE,MADRE,1ab682f7-cc0f-4dce-87a4-fa4a9b67ab05,79935.65,,,,,Inactive
"3250",6a6afaeb-6403-4399-8f3b-be3587fe9fb2,Heat Perimeter,USFS,2025/07/05 18:44:56,CASRFBUTLER14HX,,,98.3950808249649,Heat Perimeter 7/5 17:31:26,,2025/07/05 17:31:26,,Inactive
"3251",47ab52c8-e109-4813-b3b7-7a253c9f4e27,Heat Perimeter,USFS,2025/07/05 18:44:56,CASRFBUTLER14HX,,,98.3950808249649,Heat Perimeter 7/5 17:31:26,,2025/07/05 17:31:26,,Inactive
"3252",677d14f8-caa9-4c42-a615-9a82aa6cc5a3,Heat Perimeter,CAL FIRE INTEL FLIGHT DATA,2025/07/05 20:22:00,GREEN,GREEN,f3a7dbcb-c6c0-442a-a9ca-aa18cc9ef80a,545.25,,,,,Inactive
"3253",e0bee728-ab33-49a4-af8d-398524315cc2,Heat Perimeter,CAL FIRE INTEL FLIGHT DATA,2025/07/05 20:29:00,HORSE,HORSE,9394a632-15e3-4d83-b956-d66a2bbad9be,427.86,,,,,Inactive
"3254",7a921c3e-8ecf-4404-938e-f81b1bc116d2,Heat Perimeter,CAL FIRE INTEL FLIGHT DATA,2025/07/05 20:30:00,HORSE,HORSE,9394a632-15e3-4d83-b956-d66a2bbad9be,384.58,,,,,Inactive
"3255",3f9c61c0-f86a-4bcc-90ec-9616cb0f65b8,Heat Perimeter,CAL FIRE INTEL FLIGHT DATA,2025/07/05 20:40:00,HELENA,HELENA,5aced07c-e31e-4238-84f0-f36249998b6b,116.47,,,,,Inactive
"3256",2ca99dba-eda0-4b42-8141-3c76a2200c4e,Heat Perimeter,CAL FIRE INTEL FLIGHT DATA,2025/07/05 20:48:00,JACKET,JACKET,f24ec5ec-2341-4e5f-8170-d7d36aefa2db,48.16,,,,,Inactive
"3257",5d69ab69-86a9-44f9-b873-11a14a727289,Heat Perimeter,CAL FIRE INTEL FLIGHT DATA,2025/07/05 20:48:00,BUTLER,BUTLER,f1930125-5993-4672-a058-74ad25f35e3f,89.21,,,,,Active
"3258",a6176ba4-c3be-4a02-860e-0e5b2ec32654,Heat Perimeter,CAL FIRE INTEL FLIGHT DATA,2025/07/05 21:07:00,SUMMIT,SUMMIT,f24ec5ec-2341-4e5f-8170-d7d36aefa2db,264.27,,,,,Inactive
"3259",22264267-58e3-4dca-85e7-182227f3bb41,Heat Perimeter,FIRIS,2025/07/05 22:53:53,CA-LAC-MARIA-N57B,,,202.208562777027,FIRIS Perimeter,,2025/07/05 22:39:40,,Inactive
"3260",b44304a1-67f7-4f28-8cb2-439b46858182,Heat Perimeter,FIRIS,2025/07/05 23:50:49,CA-RRU-GREEN-N57B,,,8.38960370470629,FIRIS Perimeter,,2025/07/05 23:41:58,,Inactive
"3261",257ec388-42b8-4cbf-be7f-5c182cbff5bc,Heat Perimeter,FIRIS,2025/07/06 00:39:25,CA-RRU-IGNACIO-N57B,,,21.2429606578081,FIRIS Perimeter,,2025/07/05 23:14:59,,Inactive
"3262",4c67f1e1-27cf-4ca1-8431-72eb92a4cf6a,Heat Perimeter,FIRIS,2025/07/06 00:39:25,CA-RVC-CACTUS-N57B,,,20.8307159651441,FIRIS Perimeter,,2025/07/05 23:01:46,,Inactive
"3263",95424cad-122e-4728-9381-69e764497ea3,Heat Perimeter,USFS,2025/07/06 01:03:55,CAKNFSUMMITN14HX,,,0.0567819857518963,Heat Perimeter 7/5 23:50:06,,2025/07/05 23:50:06,,Inactive
"3264",90316355-143c-4dce-ac46-906fb9b7a3e0,Heat Perimeter,NIFC,2025/07/06 04:30:46,2025-CAMMU-015193,VAN CLIEF RD  STEVENSON,2025-CAMMU-015193,17.7,Wildfire Daily Fire Perimeter,2025/07/06 01:53:36,2025/07/06 04:30:46,2025/08/01 20:24:35,Inactive
"3265",27804fd8-dd10-448d-92f1-f35a371cabbe,Heat Perimeter,FIRIS,2025/07/06 04:52:18,CA-RRU-SAGE-N57B,,,9.09720858373018,FIRIS Perimeter,,2025/07/06 04:40:57,,Inactive
"3266",6fcf86e9-48f1-416f-ad40-832edf50d0df,Heat Perimeter,NIFC,2025/07/06 18:59:05,2025-CACDD-010256,VEH/CBT/87,2025-CACDD-010256,1.5,Wildfire Daily Fire Perimeter,2025/07/05 20:45:00,2025/07/05 20:48:08,2025/07/28 20:10:45,Inactive
"3267",40f50a8c-e270-4f54-a40d-ca1488cce03b,Heat Perimeter,CAL FIRE INTEL FLIGHT DATA,2025/07/06 19:49:00,MADRE,MADRE,1ab682f7-cc0f-4dce-87a4-fa4a9b67ab05,80248.18,,,,,Inactive
"3268",6fad5e53-d510-4b6d-ad45-1622fec0969c,Heat Perimeter,CAL FIRE INTEL FLIGHT DATA,2025/07/06 22:19:00,GREEN,GREEN,f3a7dbcb-c6c0-442a-a9ca-aa18cc9ef80a,1153.65,,,,,Inactive
"3269",83897a85-e5f8-44ac-8137-db891f744fb5,Heat Perimeter,CAL FIRE INTEL FLIGHT DATA,2025/07/06 22:24:00,HORSE,HORSE,9394a632-15e3-4d83-b956-d66a2bbad9be,389.52,,,,,Inactive
"3270",288f4ea9-b0a6-4751-b9d5-ea477fc179d1,Heat Perimeter,CAL FIRE INTEL FLIGHT DATA,2025/07/06 22:32:00,HELENA,HELENA,5aced07c-e31e-4238-84f0-f36249998b6b,119.43,,,,,Inactive
"3271",5cd0f67c-b9bf-4a4d-8bea-894d5d465699,Heat Perimeter,CAL FIRE INTEL FLIGHT DATA,2025/07/06 22:43:00,BUTLER,BUTLER,f1930125-5993-4672-a058-74ad25f35e3f,232.77,,,,,Active
"3272",bc0893ec-5373-4ef9-bfe2-bf179425924d,Heat Perimeter,CAL FIRE INTEL FLIGHT DATA,2025/07/06 22:52:00,JACKET,JACKET,f24ec5ec-2341-4e5f-8170-d7d36aefa2db,49.63,,,,,Inactive
"3273",7708bd45-0816-4591-8a91-f17047ee3d48,Heat Perimeter,CAL FIRE INTEL FLIGHT DATA,2025/07/06 22:52:00,SUMMIT,SUMMIT,f24ec5ec-2341-4e5f-8170-d7d36aefa2db,327.4,,,,,Inactive
"3274",edc1dd0a-6e6e-46ff-a56e-ed7fab557c0a,Heat Perimeter,FIRIS,2025/07/07 10:23:18,CA-HUU-BRIDGE-N40Y,,,347.758972120405,FIRIS Perimeter,,2025/07/07 10:12:07,,Inactive
"3275",5b7d1240-07bb-4931-97b2-c354d90e2146,Heat Perimeter,USFS,2025/07/07 18:36:56,CA-KNF-SUMMIT-N874EB,,,394.884860655259,Heat Perimeter 7/7 18:36:53,,2025/07/07 18:36:53,,Inactive
"3276",a5e6ce61-f536-4a45-afae-693b3515e33b,Heat Perimeter,USFS,2025/07/07 18:36:56,CA-KNF-SUMMIT-N874EB,,,394.884860655259,Heat Perimeter 7/7 18:36:53,,2025/07/07 18:36:53,,Inactive
"3277",fbbad78b-d3fa-4956-8c44-182149e9a74d,Heat Perimeter,USFS,2025/07/07 18:45:59,CA-KNF-SUMMIT-N874EB,,,394.884860655259,Heat Perimeter 7/7 18:41:43,,2025/07/07 18:41:43,,Inactive
"3278",7103e1e8-0f4c-4898-8ba4-44994736efdb,Heat Perimeter,USFS,2025/07/07 19:20:42,CA-HUU-BRIDGE-N874EB,,,403.615178385904,Heat Perimeter 7/7 19:19:47,,2025/07/07 19:19:47,,Inactive
"3279",70ac2372-3a9d-49d2-aeab-dc3906e38960,Heat Perimeter,USFS,2025/07/07 19:20:42,CA-HUU-BRIDGE-N874EB,,,403.615178385904,Heat Perimeter 7/7 19:19:47,,2025/07/07 19:19:47,,Inactive
"3280",aaafe704-65d2-4ed1-9781-aab62c34a8fa,Heat Perimeter,CAL FIRE INTEL FLIGHT DATA,2025/07/07 19:33:00,MADRE,MADRE,1ab682f7-cc0f-4dce-87a4-fa4a9b67ab05,80603.07,,,,,Inactive
"3281",425d1b9d-da6d-41ce-9bfa-4e283a0073e6,Heat Perimeter,USFS,2025/07/07 20:32:09,CA-SRF-BUTLER-N874EB,,,506.783766185088,Heat Perimeter 7/7 20:30:50,,2025/07/07 20:30:50,,Inactive
"3282",25de64df-819f-49b1-b84d-a7904c695e1d,Heat Perimeter,USFS,2025/07/07 20:44:59,CA-SHF-HORSE-N874EB,,,429.825891616418,Heat Perimeter 7/7 20:42:19,,2025/07/07 20:42:19,,Inactive
"3283",a1c4fda0-c208-4a90-acf5-a0165b0df8bb,Heat Perimeter,USFS,2025/07/07 20:44:59,CA-SHF-HORSE-N874EB,,,429.825891616418,Heat Perimeter 7/7 20:42:19,,2025/07/07 20:42:19,,Inactive
"3284",f623dead-859f-4f73-b868-257bf9335d80,Heat Perimeter,USFS,2025/07/07 20:45:22,CA-SHF-HORSE-N874EB,,,429.825891616418,Heat Perimeter 7/7 20:44:28,,2025/07/07 20:44:28,,Inactive
"3285",b91ad561-0df2-46ba-b2e3-38e5f2d9b836,Heat Perimeter,USFS,2025/07/07 20:45:22,CA-SHF-HORSE-N874EB,,,429.825891616418,Heat Perimeter 7/7 20:44:28,,2025/07/07 20:44:28,,Inactive
"3286",ff33b5de-9907-4018-83a2-b33c528cd016,Heat Perimeter,FIRIS,2025/07/07 21:06:52,CA-RRU-NICHOLS-N57B,,,47.4992773020228,FIRIS Perimeter,,2025/07/07 20:49:31,,Inactive
"3287",f00c53b8-3c72-4e7a-bd08-4e3039810fd3,Heat Perimeter,USFS,2025/07/07 21:17:28,CA-SHF-GREEN-N874EB,GREEN,,1716.01804098114,Heat Perimeter 7/7 21:17:03,,2025/07/07 21:17:03,,Inactive
"3288",534fea7f-b1b1-4c0b-b8fd-e7954f9766f4,Heat Perimeter,USFS,2025/07/07 21:17:28,CA-SHF-GREEN-N874EB,GREEN,,1716.01804098114,Heat Perimeter 7/7 21:17:03,,2025/07/07 21:17:03,,Inactive
"3289",bf45a96f-f2dd-4063-899a-7ed20fdfd1b8,Heat Perimeter,FIRIS,2025/07/07 21:50:58,CA-LAB-RANCHO-N57B,,,1.47270319954029,FIRIS Perimeter,,2025/07/07 21:38:20,,Inactive
"3290",77c7ef2b-7ed5-4f3a-9f2f-05fe811109f2,Heat Perimeter,FIRIS,2025/07/07 21:54:13,CA-TGU-Corning-N40Y,,,15.3348856689972,FIRIS Perimeter,,2025/07/07 21:35:27,,Inactive
"3291",905fce4a-32b6-41e6-9143-67cb5f8ca404,Heat Perimeter,USFS,2025/07/07 21:57:06,CA-SRF-RED-N874EB,,,27.8197564773957,Heat Perimeter 7/7 21:56:36,,2025/07/07 21:56:36,,Inactive
"3292",29a6c9df-26c2-4a14-88b7-eda4a125068e,Heat Perimeter,USFS,2025/07/07 21:57:06,CA-SRF-RED-N874EB,,,27.8197564773957,Heat Perimeter 7/7 21:56:36,,2025/07/07 21:56:36,,Inactive
"3293",378c3c52-77c1-4c24-afae-7e9184560c10,Heat Perimeter,NIFC,2025/07/07 22:30:16,2025-CAHUU-006953,BRIDGE,2025-CAHUU-006953,350.323383628667,Wildfire Daily Fire Perimeter,2025/07/07 00:42:02,2025/07/07 22:30:16,2025/08/05 19:05:11,Inactive
"3294",bbf067c0-9dd2-4f30-bc2e-d922d2fd963a,Heat Perimeter,FIRIS,2025/07/07 22:32:21,CA-LAB-RANCHO-N57B,,,3.06320886862231,FIRIS Perimeter,,2025/07/07 22:07:01,,Inactive
"3295",23fcf843-e93d-4e47-a75f-6a9b3acb7a3a,Heat Perimeter,NIFC,2025/07/07 22:35:03,2025-CACDD-010236,VEG/JK/82A,2025-CACDD-010236,0.1,Wildfire Daily Fire Perimeter,2025/07/05 06:27:48,2025/07/07 22:35:03,2025/07/28 19:02:20,Inactive
"3296",4ed59ac6-3a68-45bc-845c-affbc5daa7ef,Heat Perimeter,FIRIS,2025/07/07 23:14:46,CA-LAB-RANCHO-N57B,,,3.68775008230352,FIRIS Perimeter,,2025/07/07 22:47:32,,Inactive
"3297",605ecbeb-310f-4cdb-bf1c-9b974806756b,Heat Perimeter,CAL FIRE INTEL FLIGHT DATA,2025/07/08 19:03:00,MADRE,MADRE,1ab682f7-cc0f-4dce-87a4-fa4a9b67ab05,80614.55,,,,,Inactive
"3298",6f2b2e73-8623-4a7d-b3f4-86bd4521da17,Heat Perimeter,FIRIS,2025/07/08 19:21:26,CA-AEU-Kingvale-N40Y,,,1.65733868762299,FIRIS Perimeter,,2025/07/08 19:10:57,,Inactive
"3299",396a381a-7d3d-422f-94e4-29d461f3a4a5,Heat Perimeter,FIRIS,2025/07/08 19:36:32,CA-AEU-Kingvale-N40Y,,,4.9742170704884,FIRIS Perimeter,,2025/07/08 19:21:07,,Inactive
"3300",f22943d2-eb53-4f9a-b5f5-7f1b68df4ef0,Heat Perimeter,CAL FIRE INTEL FLIGHT DATA,2025/07/08 21:25:00,GREEN,GREEN,f3a7dbcb-c6c0-442a-a9ca-aa18cc9ef80a,2548.92,,,,,Inactive
"3301",82c3a7c2-ef7b-437e-86a9-cbf1f447e9e5,Heat Perimeter,CAL FIRE INTEL FLIGHT DATA,2025/07/08 21:50:00,BUTLER,BUTLER,f1930125-5993-4672-a058-74ad25f35e3f,1346.28,,,,,Active
"3302",237db72a-4d15-423d-a073-0ed9bd69b9ba,Heat Perimeter,FIRIS,2025/07/08 22:01:08,CA-AEU-Kingvale-N40Y,,,8.89900675272888,FIRIS Perimeter,,2025/07/08 19:39:01,,Inactive
"3303",5ac6c12f-a245-4188-b0c2-f1161afe3a6d,Heat Perimeter,CAL FIRE INTEL FLIGHT DATA,2025/07/08 22:05:00,RED,RED,,104.08,,,,,Inactive
"3304",d20f539b-7970-4162-9003-c984e35a6800,Heat Perimeter,CAL FIRE INTEL FLIGHT DATA,2025/07/08 22:16:00,SUMMIT,SUMMIT,f24ec5ec-2341-4e5f-8170-d7d36aefa2db,453.88,,,,,Inactive
"3305",37b4f201-44a2-4803-ba73-596de27f5012,Heat Perimeter,FIRIS,2025/07/08 22:38:55,CA-LAC-BERT-N57B,,,46.6662138892726,FIRIS Perimeter,,2025/07/08 22:18:01,,Inactive
"3306",0aa14345-24c7-49be-adc3-ec94b49408e5,Heat Perimeter,FIRIS,2025/07/08 23:05:41,CA-BDU-DAISY-N57B,,,5.58717446732766,FIRIS Perimeter,,2025/07/08 22:52:26,,Inactive
"3307",3b1b4595-ebd9-4086-aa20-cec04be728de,Heat Perimeter,FIRIS,2025/07/09 01:32:29,CA-SCU-Victoria-N40Y,,,14.9018729498736,FIRIS Perimeter,,2025/07/09 01:16:14,,Inactive
"3308",75d0d706-071a-4b21-999d-f29d99dd17b7,Heat Perimeter,CAL FIRE INTEL FLIGHT DATA,2025/07/09 19:40:00,GREEN,GREEN,f3a7dbcb-c6c0-442a-a9ca-aa18cc9ef80a,3741.31,,,,,Inactive
"3309",6adc5c26-a870-49b4-8a39-fca050953881,Heat Perimeter,CAL FIRE INTEL FLIGHT DATA,2025/07/09 20:03:00,GRIZZLY COMPLEX,GRIZZLY COMPLEX,ee9fd122-a7e5-4d8b-a272-ea581fedc159,124.45,,,,,Inactive
"3310",c190d92d-513a-44f9-bd28-39369f1e1e06,Heat Perimeter,CAL FIRE INTEL FLIGHT DATA,2025/07/09 20:21:00,RED,RED,40da55e2-0d42-4157-9745-aa0410b19049,113.26,,,,,Inactive
"3311",4ddc482a-3fb4-46db-a539-fb9956b5140b,Heat Perimeter,CAL FIRE INTEL FLIGHT DATA,2025/07/09 20:33:00,BUTLER,BUTLER,f1930125-5993-4672-a058-74ad25f35e3f,2821.48,,,,,Active
"3312",3b93ff5a-cd1c-49fa-9c97-f33a05d65019,Heat Perimeter,CAL FIRE INTEL FLIGHT DATA,2025/07/09 20:42:00,SUMMIT,SUMMIT,4d636c0b-a08b-44d2-a6fb-0fa6086997ff,529.21,,,,,Inactive
"3313",daa1d5b9-1e28-490a-95aa-f88b142fc3ad,Heat Perimeter,CAL FIRE INTEL FLIGHT DATA,2025/07/09 21:45:00,GREEN,GREEN,f3a7dbcb-c6c0-442a-a9ca-aa18cc9ef80a,3847.37,,,,,Inactive
"3314",e36bef6a-ba5b-4dd7-9952-6b9ed5d74074,Heat Perimeter,FIRIS,2025/07/09 22:25:48,CA-SDU-STEEL-N57B,,,26.1247103002291,FIRIS Perimeter,,2025/07/09 22:18:53,,Inactive
"3315",af3952a0-4814-4cce-bd7e-799b2305821f,Heat Perimeter,FIRIS,2025/07/09 23:18:56,CA-SDU-STEEL-N57B,,,27.9516601653412,FIRIS Perimeter,,2025/07/09 22:59:34,,Inactive
"3316",029522c5-c102-4e7a-bb08-13446d83dd19,Heat Perimeter,CAL FIRE INTEL FLIGHT DATA,2025/07/10 18:17:00,MADRE,MADRE,1ab682f7-cc0f-4dce-87a4-fa4a9b67ab05,80614.55,,,,,Inactive
"3317",bb4d5639-f566-4729-8828-0fcbd451b376,Heat Perimeter,FIRIS,2025/07/10 18:20:37,CA-RRU-MADERA-N57B,,,19.0273314495696,FIRIS Perimeter,,2025/07/10 17:54:18,,Inactive
"3318",2765f870-0652-4dcc-8340-c80ebba9cb0b,Heat Perimeter,CAL FIRE INTEL FLIGHT DATA,2025/07/10 19:49:00,GREEN,GREEN,f3a7dbcb-c6c0-442a-a9ca-aa18cc9ef80a,5036.86,,,,,Inactive
"3319",e0c87fcb-41fa-42d3-b162-e8db2fb26c46,Heat Perimeter,CAL FIRE INTEL FLIGHT DATA,2025/07/10 20:27:00,SUMMIT,SUMMIT,4d636c0b-a08b-44d2-a6fb-0fa6086997ff,575.69,,,,,Inactive
"3320",0df3425a-4f0e-4afc-a5f4-f90bec560f79,Heat Perimeter,FIRIS,2025/07/10 21:13:44,CA-RRU-RECHE-N57B,,,17.2123526890882,FIRIS Perimeter,,2025/07/10 20:51:37,,Inactive
"3321",4ebf5878-5d51-4607-ad63-dbbf6f845215,Heat Perimeter,FIRIS,2025/07/10 21:28:41,CA-RRU-RECHE-N57B,,,18.2381090916666,FIRIS Perimeter,,2025/07/10 21:23:26,,Inactive
"3322",d4afece8-8ad2-466f-a8c8-2fda0d71ca76,Heat Perimeter,CAL FIRE INTEL FLIGHT DATA,2025/07/11 00:27:00,RED,RED,40da55e2-0d42-4157-9745-aa0410b19049,116.44,,,,,Inactive
"3323",d113b2fb-1d09-4fb7-9392-84f9c2c2b142,Heat Perimeter,CAL FIRE INTEL FLIGHT DATA,2025/07/11 00:55:00,GREEN,GREEN,f3a7dbcb-c6c0-442a-a9ca-aa18cc9ef80a,5617.59,,,,,Inactive
"3324",d7c732f5-0ab2-4a70-80d5-a40cc7d1a6fe,Heat Perimeter,FIRIS,2025/07/11 02:42:53,CA-SDU-SPRINGS-N57B,,,37.5323345874643,FIRIS Perimeter,,2025/07/11 02:33:34,,Inactive
"3325",0e859667-a73e-4e98-9234-6b5b26d42d36,Heat Perimeter,FIRIS,2025/07/11 03:19:15,CA-SDU-SPRINGS-N57B,,,49.8601706101065,FIRIS Perimeter,,2025/07/11 03:13:08,,Inactive
"3326",bed84c39-bb38-46e4-88b4-2fdb0cbe0088,Heat Perimeter,NIFC,2025/07/11 16:05:20,2025-CASQF-000888,FLUME,2025-CASQF-000888,73,Wildfire Daily Fire Perimeter,2025/07/06 20:52:00,2025/07/07 00:42:57,2025/08/02 16:42:13,Inactive
"3327",ce2ac7dc-5f89-43fc-8269-2a4839dda8db,Heat Perimeter,USFS,2025/07/11 18:49:52,CA-SHF-GREEN-FIRE-N874EB,GREEN,,7373.50793425728,Heat Perimeter 7/11 18:41:03,,2025/07/11 18:41:03,,Inactive
"3328",975376ed-4912-474d-a949-a4787dbaa78a,Heat Perimeter,USFS,2025/07/11 19:46:08,CA-KNF-SUMMIT-FIRE-N874EB,,,624.594410208274,Heat Perimeter 7/11 19:38:03,,2025/07/11 19:38:03,,Inactive
"3329",9ec8d5ed-fbae-4684-bdb1-e6cd44340264,Heat Perimeter,CAL FIRE INTEL FLIGHT DATA,2025/07/12 01:03:00,GREEN,GREEN,f3a7dbcb-c6c0-442a-a9ca-aa18cc9ef80a,8086.95,,,,,Inactive
"3330",2c5986d2-6dde-4c75-bc55-9193080d21ba,Heat Perimeter,CAL FIRE INTEL FLIGHT DATA,2025/07/12 01:33:00,BUTLER,BUTLER,f1930125-5993-4672-a058-74ad25f35e3f,5598.51,,,,,Active
"3331",5386cd5e-e1f8-4a31-9d58-82f2f8a31f75,Heat Perimeter,USFS,2025/07/12 18:07:24,CA-SHF-GREEN-FIRE-N874EB,GREEN,,9005.47866186797,Heat Perimeter 7/12 18:07:07,,2025/07/12 18:07:07,,Inactive
"3332",4008148f-5c1a-4a9b-a0cd-59d7b47212b9,Heat Perimeter,USFS,2025/07/12 18:39:08,CA-KNF-SUMMIT-FIRE-N874EB,,,663.582162296682,Heat Perimeter 7/12 18:38:35,,2025/07/12 18:38:35,,Inactive
"3333",3cbb0f58-623c-4db8-86ad-5c9592858587,Heat Perimeter,USFS,2025/07/12 18:39:08,CA-KNF-SUMMIT-FIRE-N874EB,,,663.582162296682,Heat Perimeter 7/12 18:38:35,,2025/07/12 18:38:35,,Inactive
"3334",cb602d5c-7c00-4cef-b7f1-f74043234017,Heat Perimeter,FIRIS,2025/07/12 21:37:45,CA-LNC-Stardust-N40Y,,,12.1976714760938,FIRIS Perimeter,,2025/07/12 21:24:17,,Inactive
"3335",36a59cb5-465d-4cce-874d-3fce87c24372,Heat Perimeter,CAL FIRE INTEL FLIGHT DATA,2025/07/12 22:56:00,BUTLER,BUTLER,f1930125-5993-4672-a058-74ad25f35e3f,6776.89,,,,,Active
"3336",6a690764-89e3-49aa-89b2-a4873e6c9c4b,Heat Perimeter,CAL FIRE INTEL FLIGHT DATA,2025/07/12 23:24:00,GREEN,GREEN,f3a7dbcb-c6c0-442a-a9ca-aa18cc9ef80a,9562.99,,,,,Inactive
"3337",c807ef0b-2343-4a67-8ea3-727b9df52825,Heat Perimeter,FIRIS,2025/07/13 01:18:02,CA-VVF-Canon-N40Y,,,68.1478847916269,FIRIS Perimeter,,2025/07/13 01:00:36,,Inactive
"3338",7c448a0b-8de9-4e33-a65c-9b8b3b66337e,Heat Perimeter,USFS,2025/07/13 18:31:39,CA-SHF-GREEN-FIRE-N874EB,GREEN,,11126.9486976016,Heat Perimeter 7/13 18:31:16,,2025/07/13 18:31:16,,Inactive
"3339",57b86d99-78ac-4c7f-99e8-9731dd130572,Heat Perimeter,USFS,2025/07/13 19:11:50,CA-KNF-SUMMIT-FIRE-N874EB,,,689.537627609007,Heat Perimeter 7/13 19:11:26,,2025/07/13 19:11:26,,Inactive
"3340",3d2407ec-51d3-4b53-9980-15f23bf37a14,Heat Perimeter,CAL FIRE INTEL FLIGHT DATA,2025/07/13 19:23:00,MADRE,MADRE,1ab682f7-cc0f-4dce-87a4-fa4a9b67ab05,80614.55,,,,,Inactive
"3341",bdc037d6-c967-46ba-876d-d1e3299a243b,Heat Perimeter,USFS,2025/07/14 00:16:07,CA-SNF-MAX-FIRE-N874EB,,,282.172081165902,Heat Perimeter 7/14 00:15:42,,2025/07/14 00:15:42,,Inactive
"3342",35da602e-e26c-4f7d-bcee-ff919a98bbb2,Heat Perimeter,CAL FIRE INTEL FLIGHT DATA,2025/07/14 01:23:00,GREEN,GREEN,f3a7dbcb-c6c0-442a-a9ca-aa18cc9ef80a,11642.35,,,,,Inactive
"3343",e3ce7891-d8b6-4882-a588-937b51629fc7,Heat Perimeter,USFS,2025/07/14 19:36:30,CA-SHF-GREEN-FIRE-N874EB,GREEN,,12946.7553928149,Heat Perimeter 7/14 19:36:02,,2025/07/14 19:36:02,,Inactive
"3344",af15c09b-041d-46b0-8489-d9901a987d2f,Heat Perimeter,USFS,2025/07/14 21:07:40,CA-FKU-MAX-FIRE-N874EB,,,426.818481444394,Heat Perimeter 7/14 21:07:05,,2025/07/14 21:07:05,,Inactive
"3345",8718bf5d-1000-474c-bd81-c514eeb4ea4f,Heat Perimeter,CAL FIRE INTEL FLIGHT DATA,2025/07/15 00:41:00,GREEN,GREEN,f3a7dbcb-c6c0-442a-a9ca-aa18cc9ef80a,13259.03,,,,,Inactive
"3346",e52d1c6b-3bba-4fea-b213-f50fb1d7f214,Heat Perimeter,CAL FIRE INTEL FLIGHT DATA,2025/07/15 17:54:00,GREEN,GREEN,f3a7dbcb-c6c0-442a-a9ca-aa18cc9ef80a,14180.45,,,,,Inactive
"3347",e37464f8-e656-420b-9dba-35a9168b3fc3,Heat Perimeter,CAL FIRE INTEL FLIGHT DATA,2025/07/15 18:23:00,BUTLER,BUTLER,f1930125-5993-4672-a058-74ad25f35e3f,9191.32,,,,,Active
"3348",67f3f7c9-359c-485d-b2cc-fd381a6cf255,Heat Perimeter,NIFC,2025/07/15 23:40:40,2025-CABDF-010658,FOBES,2025-CABDF-010658,28.9991959256031,Wildfire Daily Fire Perimeter,2025/07/15 20:22:00,2025/07/15 20:35:51,2025/07/18 20:52:38,Inactive
"3349",43e3269b-5e4e-4991-b1f5-44df82a1ab65,Heat Perimeter,FIRIS,2025/07/16 00:33:08,CA-CND-FAY-N40Y,,,459.204574965052,FIRIS Perimeter,,2025/07/16 00:25:55,,Inactive
"3350",234a5454-fed6-421a-98d8-860ec2ada232,Heat Perimeter,CAL FIRE INTEL FLIGHT DATA,2025/07/16 00:52:00,GREEN,GREEN,f3a7dbcb-c6c0-442a-a9ca-aa18cc9ef80a,14896.86,,,,,Inactive
"3351",fca6d18d-39ba-4442-bb79-a642a4846629,Heat Perimeter,CAL FIRE INTEL FLIGHT DATA,2025/07/16 18:08:00,FAY,FAY,5b985e91-adad-42eb-91bd-fdbfa80734a8,648.07,,,,,Inactive
"3352",149134c2-e870-49d0-b711-e0e708057f1a,Heat Perimeter,CAL FIRE INTEL FLIGHT DATA,2025/07/16 20:34:00,GREEN,GREEN,f3a7dbcb-c6c0-442a-a9ca-aa18cc9ef80a,15802.86,,,,,Inactive
"3353",984b5b97-1046-4223-bdf8-3444dc1f33b7,Heat Perimeter,CAL FIRE INTEL FLIGHT DATA,2025/07/16 21:04:00,BUTLER,BUTLER,f1930125-5993-4672-a058-74ad25f35e3f,9935.94,,,,,Active
"3354",c680f506-4afc-4bdb-ba50-551427f59ecd,Heat Perimeter,FIRIS,2025/07/16 21:19:51,CA-RRU-DALE-N42Z,,,220.073849207968,FIRIS Perimeter,,2025/07/16 21:06:05,,Inactive
"3355",b77d4645-2a1b-4774-bd49-cd155ceaf7f2,Heat Perimeter,CAL FIRE INTEL FLIGHT DATA,2025/07/16 21:38:00,HAGELSTEIN,HAGELSTEIN,cd75b417-6a91-46b1-8f48-0101e0073532,647.16,,,,,Inactive
"3356",ec2e0b0d-1b29-426e-89b0-6aee3e4e83b5,Heat Perimeter,FIRIS,2025/07/16 21:51:49,CA-RRU-DALE-N42Z,,,331.382199443977,FIRIS Perimeter,,2025/07/16 21:47:48,,Inactive
"3357",08462181-414c-4d59-b650-62eeec548ead,Heat Perimeter,CAL FIRE INTEL FLIGHT DATA,2025/07/16 22:17:00,GREEN,GREEN,f3a7dbcb-c6c0-442a-a9ca-aa18cc9ef80a,15931.08,,,,,Inactive
"3358",e4602914-4170-4b79-b6b0-d1e398043e44,Heat Perimeter,FIRIS,2025/07/16 22:27:43,CA-BDU-POTATO-N42Z,,,1.55973688274188,FIRIS Perimeter,,2025/07/16 22:19:33,,Inactive
"3359",351e8c06-ddeb-4f38-8102-b0f2c565e462,Heat Perimeter,FIRIS,2025/07/17 04:52:51,CA-RRU-DALE-N42Z,,,1071.56646264613,FIRIS Perimeter,,2025/07/17 04:44:43,,Inactive
"3360",69bfe359-6b12-4a54-a828-cf5573332273,Heat Perimeter,CAL FIRE INTEL FLIGHT DATA,2025/07/17 19:02:00,DALE,DALE,,1096.1,,,,,Inactive
"3361",18882cee-3fc0-404c-addb-02c4fe25bf90,Heat Perimeter,CAL FIRE INTEL FLIGHT DATA,2025/07/17 22:10:00,GREEN,GREEN,f3a7dbcb-c6c0-442a-a9ca-aa18cc9ef80a,17288.17,,,,,Inactive
"3362",b0c2bd9f-2c76-4b5c-846e-2b11bf39d626,Heat Perimeter,CAL FIRE INTEL FLIGHT DATA,2025/07/17 22:43:00,BUTLER,BUTLER,f1930125-5993-4672-a058-74ad25f35e3f,10832.56,,,,,Active
"3363",e5486d77-59a5-45e5-8090-2a5a8fb286da,Heat Perimeter,CAL FIRE INTEL FLIGHT DATA,2025/07/17 22:43:00,BUTLER,BUTLER,f1930125-5993-4672-a058-74ad25f35e3f,10832.56,,,,,Active
"3364",c3cb8684-d1d7-4140-80d5-4bc99dbd6a79,Heat Perimeter,FIRIS,2025/07/18 03:28:19,CA-SRF-Butler-N40Y,BUTLER,,289.594058524088,FIRIS Perimeter,,2025/07/18 03:09:41,,Active
"3365",2cd3ed3e-17c7-4e56-a18e-a770e7059ba8,Heat Perimeter,CAL FIRE INTEL FLIGHT DATA,2025/07/18 20:40:00,BUTLER,BUTLER,f1930125-5993-4672-a058-74ad25f35e3f,12273.91,,,,,Active
"3366",cbd3215a-8508-46d4-99b9-e7924df5037a,Heat Perimeter,CAL FIRE INTEL FLIGHT DATA,2025/07/18 20:50:00,GREEN,GREEN,f3a7dbcb-c6c0-442a-a9ca-aa18cc9ef80a,18212.71,,,,,Inactive
"3367",d48826b6-8b9d-4533-b2b0-35c4f5a17577,Heat Perimeter,NIFC,2025/07/19 04:35:58,2025-CACDD-010781,Aurora,2025-CACDD-010781,2,Wildfire Daily Fire Perimeter,2025/07/19 03:29:03,2025/07/19 04:35:58,2025/07/20 17:49:18,Inactive
"3368",d2090f13-1aee-438b-9d3f-d8d9563ae422,Heat Perimeter,CAL FIRE INTEL FLIGHT DATA,2025/07/19 17:36:00,DALE,DALE,,1096.1,,,,,Inactive
"3369",a52936c4-2446-4b07-a38a-ae5157695cd0,Heat Perimeter,FIRIS,2025/07/19 19:45:40,CA-SDU-PALA-N42Z,,,6.26631884779205,FIRIS Perimeter,,2025/07/19 19:41:36,,Inactive
"3370",21827938-6704-4768-8aa0-2f4fb00403f6,Heat Perimeter,CAL FIRE INTEL FLIGHT DATA,2025/07/19 21:03:00,BUTLER,BUTLER,f1930125-5993-4672-a058-74ad25f35e3f,14676.61,,,,,Active
"3371",d7f26f19-eebb-4cc4-981f-714f8b7a66ea,Heat Perimeter,CAL FIRE INTEL FLIGHT DATA,2025/07/19 21:49:00,GREEN,GREEN,f3a7dbcb-c6c0-442a-a9ca-aa18cc9ef80a,19004.47,,,,,Inactive
"3372",bd810f5a-c3a7-4334-8295-57c1464029c9,Heat Perimeter,FIRIS,2025/07/19 23:39:15,CA-TCU-Jury-N40Y,,,53.7131906156912,FIRIS Perimeter,,2025/07/19 23:24:20,,Inactive
"3373",da7099c8-82d3-476d-a110-8df3da3154ab,Heat Perimeter,NIFC,2025/07/20 04:13:00,2025-CASHF-000560,GREEN,2025-CASHF-000560,19021.9919379584,Wildfire Daily Fire Perimeter,2025/07/02 04:37:00,2025/07/20 06:11:10,2025/07/20 19:16:58,Inactive
"3374",ddca397a-a7ad-41e6-b8ea-e38330edf95b,Heat Perimeter,USFS,2025/07/20 18:30:27,CA-SHF-GREEN-N874EB,GREEN,,19018.1900931736,Heat Perimeter 7/20 18:28:02,,2025/07/20 18:28:02,,Inactive
"3375",e4b9b8a3-c69a-4742-9935-e87c1d1dbeac,Heat Perimeter,USFS,2025/07/20 19:41:28,CA-SRF-ORLEANS-COMPLEX-N874EB,BUTLER,,16535.5140030755,Heat Perimeter 7/20 19:35:29,,2025/07/20 19:35:29,,Active
"3376",72677d50-3e84-424e-a88e-59a4035d3e01,Heat Perimeter,FIRIS,2025/07/20 21:10:44,CA-MMU-Trap-N40Y,,,38.3205342953178,FIRIS Perimeter,,2025/07/20 21:03:05,,Inactive
"3377",34789629-6321-420b-a31b-627efd799bae,Heat Perimeter,USFS,2025/07/21 19:32:42,CA-FS-SRF-ORLEANSCOMPLEX-N880AG,BUTLER,,17739.9410541547,Heat Perimeter 7/21 19:32:34,,2025/07/21 19:32:34,,Active
"3378",407eeed2-1043-4f7b-901f-612fbb3414b7,Heat Perimeter,USFS,2025/07/21 20:01:28,CA-FS-SHF-GREEN-N880AG,GREEN,,19026.8892748406,Heat Perimeter 7/21 20:01:25,,2025/07/21 20:01:25,,Inactive
"3379",8d5b8f9d-a225-48fc-b374-45bc3303c4ce,Heat Perimeter,FIRIS,2025/07/22 02:12:57,CA-VCV-FRONTAGE-N42Z,,,46.1995964832388,FIRIS Perimeter,,2025/07/22 02:00:02,,Inactive
"3380",96193d49-9796-4932-a4f7-19de2505c5ef,Heat Perimeter,USFS,2025/07/22 20:09:54,CA-FS-SRF-ORLEANSCOMPLEX-N880AG,BUTLER,,18469.5473761327,Heat Perimeter 7/22 20:09:51,,2025/07/22 20:09:51,,Active
"3381",88fc0e27-fdfa-44f1-b76c-7554f73675f0,Heat Perimeter,FIRIS,2025/07/23 22:46:08,CA-BDU-ECULID-N42Z,,,118.543706121563,FIRIS Perimeter,,2025/07/23 22:31:52,,Inactive
"3382",6d399aab-07c2-459a-b549-492f75559e41,Heat Perimeter,FIRIS,2025/07/23 23:26:18,CA-RRU-MITCHELL-N42Z,,,50.7988235922353,FIRIS Perimeter,,2025/07/23 23:18:24,,Inactive
"3383",9f3fcf4a-fe13-4bfe-b2f3-5f7598acf8a3,Heat Perimeter,USFS,2025/07/24 22:01:34,CA-INF-CREST-N874EB,,,8.49331537370095,Heat Perimeter 7/24 21:59:04,,2025/07/24 21:59:04,,Inactive
"3384",5a922f84-8ac6-4f9b-9fcb-69d020b02bf6,Heat Perimeter,FIRIS,2025/07/26 00:06:47,CA-RRU-GREEN-N42Z,,,4.59954933681386,FIRIS Perimeter,,2025/07/25 23:54:38,,Inactive
"3385",52169cde-b9c0-4ddb-bd0c-8830359c8b88,Heat Perimeter,FIRIS,2025/07/26 00:36:53,CA-RRU-SHADY-N42Z,,,52.4022094681232,FIRIS Perimeter,,2025/07/26 00:32:57,,Inactive
"3386",c84a85cb-5659-449d-9125-b0c292df7536,Heat Perimeter,FIRIS,2025/07/26 01:05:52,CA-MDF-MAMMOTH,,,861.086963620166,FIRIS Perimeter,,2025/07/26 00:58:59,,Inactive
"3387",65fe3c19-6668-4163-a054-8f3e6f555bc8,Heat Perimeter,FIRIS,2025/07/26 01:45:50,CA-RRU-GREEN-N42Z,,,21.2041610648084,FIRIS Perimeter,,2025/07/26 01:36:38,,Inactive
"3388",42592517-43b6-4c50-9758-c775890fae9e,Heat Perimeter,USFS,2025/07/26 03:35:12,CA-INF-CREST-N41HX,,,6.5098503559876,Heat Perimeter 7/26 01:41:42,,2025/07/26 01:41:42,,Inactive
"3389",f4849543-d954-4ef7-8c49-29cdf9991eef,Heat Perimeter,FIRIS,2025/07/26 21:55:07,CA-TCU-BONEYARD-N57B,,,90.5895326057272,FIRIS Perimeter,,2025/07/26 21:43:23,,Inactive
"3390",c379f131-cbc8-4682-b883-156afbd47bab,Heat Perimeter,FIRIS,2025/07/26 22:56:37,CA-TCU-BONEYARD-N57B,,,202.371238926757,FIRIS Perimeter,,2025/07/26 22:46:21,,Inactive
"3391",77e5f687-4d69-4eda-8843-c8a551ee03f9,Heat Perimeter,USFS,2025/07/27 22:10:09,CA-SRF-ORLEANS-COMPLEX-N874EB,BUTLER,,20978.5512846893,Heat Perimeter 7/27 22:05:36,,2025/07/27 22:05:36,,Active
"3392",d85d5821-ccbe-4a10-95dd-663d17429fc9,Heat Perimeter,FIRIS,2025/07/28 00:03:19,CA-MEU-MEDICINE-N57B,,,217.431873657766,FIRIS Perimeter,,2025/07/27 23:49:09,,Inactive
"3393",e3783ee8-aab6-4506-b198-4cc87ab77b2e,Heat Perimeter,NIFC,2025/07/28 18:31:08,2025-AZCRD-000845,Needles,2025-AZCRD-000845,13.1925364082527,Wildfire Daily Fire Perimeter,2025/07/27 23:07:19,2025/07/28 18:31:08,2025/07/28 21:42:20,Inactive
"3394",c50901a6-85c4-4b8a-9462-31f7b4b6a942,Heat Perimeter,CAL FIRE INTEL FLIGHT DATA,2025/07/30 19:41:00,BUTLER,BUTLER,f1930125-5993-4672-a058-74ad25f35e3f,21057.61,,,,,Active
"3395",9b24aa6e-2383-499c-b2e2-7546255bfca5,Heat Perimeter,CAL FIRE INTEL FLIGHT DATA,2025/07/30 20:26:00,GREEN,GREEN,f3a7dbcb-c6c0-442a-a9ca-aa18cc9ef80a,19004.47,,,,,Inactive
"3396",31dcd427-1e02-476b-8224-7b2300534b22,Heat Perimeter,CAL FIRE INTEL FLIGHT DATA,2025/07/30 21:07:00,SHAWN,SHAWN,,16.87,,,,,Inactive
"3397",488a54cc-d5ec-4afd-8a2a-9858bc980096,Heat Perimeter,FIRIS,2025/07/30 21:32:03,CA-SHU-SHAWN-N57B,,,16.9265396697355,FIRIS Perimeter,,2025/07/30 21:25:09,,Inactive
"3398",c334b330-d51c-4fdf-b56f-90c8064104ba,Heat Perimeter,CAL FIRE INTEL FLIGHT DATA,2025/07/31 18:13:00,BIG CLIFF,BIG CLIFF,5dc2c671-7a9d-4318-a2d5-c7e769688f07,27.44,,,,,Active
"3399",d53d3231-ea21-4b7a-96ea-f5723647a79d,Heat Perimeter,CAL FIRE INTEL FLIGHT DATA,2025/07/31 18:13:00,BIG CLIFF,BIG CLIFF,5dc2c671-7a9d-4318-a2d5-c7e769688f07,27.44,,,,,Active
"3400",ffbc3265-e28c-4488-a67f-96007181431c,Heat Perimeter,FIRIS,2025/07/31 23:48:10,CA-VAQ-ORION-N42Z,,,24.6959033777824,FIRIS Perimeter,,2025/07/31 23:44:01,,Inactive
"3401",0b74bfda-b59e-4573-b314-1793dab169ff,Heat Perimeter,CAL FIRE INTEL FLIGHT DATA,2025/08/01 01:49:00,1-4,1-4,1c3e7f47-a853-4bda-9c68-fcd4bb7ac400,244.33,,,,,Inactive
"3402",07c1811f-ff7d-4a7f-a02f-eaadda7631ee,Heat Perimeter,FIRIS,2025/08/01 02:18:09,CA-LMU-1DASH4-N57B,1-4,,259.648336836738,FIRIS Perimeter,,2025/08/01 02:12:23,,Inactive
"3403",adbdb162-ab2c-4354-8d93-47afd2e966f0,Heat Perimeter,USFS,2025/08/01 04:25:47,CA-SRF-ORLEANSCOMPLEX-N14HX,BIG CLIFF,,263.921745514824,Heat Perimeter 8/1 03:45:14,,2025/08/01 03:45:14,,Active
"3404",e3ad44d5-ce96-40d5-8dc4-d7d0a2a2cba5,Heat Perimeter,CAL FIRE INTEL FLIGHT DATA,2025/08/01 17:36:00,BIG CLIFF,BIG CLIFF,5dc2c671-7a9d-4318-a2d5-c7e769688f07,261.09,,,,,Active
"3405",3dd11976-3332-4696-9eb6-518481ffca26,Heat Perimeter,USFS,2025/08/01 22:42:26,CA-LPF-GIFFORD-N50X,GIFFORD,,818.840956896142,Heat Perimeter: 825acres 8/1 22:41:10,,2025/08/01 22:41:10,,Active
"3406",0ff64813-4f7a-4d52-b9d5-f877317f6395,Heat Perimeter,FIRIS,2025/08/01 23:03:12,CA-SND-BERNARDO-N42Z,,,12.6530711142709,FIRIS Perimeter,,2025/08/01 22:59:30,,Inactive
"3407",924eb77e-b3f4-4190-98f3-3ac3602e26c8,Heat Perimeter,USFS,2025/08/02 07:09:54,CA-LPF-GIFFORD-N50X,GIFFORD,,12786.3706856866,Heat Perimeter: 12804acres 8/2 06:36:42,,2025/08/02 06:36:42,,Active
"3408",d68fc2ce-436e-45a8-9973-facdabcba601,Heat Perimeter,CAL FIRE INTEL FLIGHT DATA,2025/08/02 16:28:00,BIG CLIFF,BIG CLIFF,5dc2c671-7a9d-4318-a2d5-c7e769688f07,323.4,,,,,Active
"3409",68133ef2-98ad-41ef-8f90-e80bbeed97ea,Heat Perimeter,USFS,2025/08/02 17:20:57,CA-LPF-GIFFORD-N50X,GIFFORD,,23588.0807529371,Heat Perimeter: 23589acres 8/2 17:02:04,,2025/08/02 17:02:04,,Active
"3410",8ab144e3-f133-4d80-a485-85b2bc9867bf,Heat Perimeter,FIRIS,2025/08/02 20:39:43,CA-STF-RUSH-N57B,,,8.81253508354367,FIRIS Perimeter,,2025/08/02 20:23:11,,Inactive
"3411",3d80a142-8d69-43e1-bcb0-422bd460cef8,Heat Perimeter,FIRIS,2025/08/02 22:24:47,CA-BDU-FREMONT-N42Z,FREMONT,,26.2823482049497,FIRIS Perimeter,,2025/08/02 22:22:36,,Inactive
"3412",ac9271de-45e4-4cf3-9dab-37f41150db78,Heat Perimeter,USFS,2025/08/02 22:45:39,CA-LPF-GIFFORD-N50X,GIFFORD,,30519.2593229375,Heat Perimeter: 30520acres 8/2 22:36:18,,2025/08/02 22:36:18,,Active
"3413",8aa96c20-e8b8-4441-8451-39f890c96ec1,Heat Perimeter,FIRIS,2025/08/03 01:10:44,CA-RRU-OAK-N42Z,,,45.9035599938049,FIRIS Perimeter,,2025/08/03 01:05:49,,Inactive
"3414",3d9e7df6-5dad-4212-89fd-4d25d401b4a3,Heat Perimeter,CAL FIRE INTEL FLIGHT DATA,2025/08/03 16:41:00,BIG CLIFF,BIG CLIFF,5dc2c671-7a9d-4318-a2d5-c7e769688f07,403.22,,,,,Active
"3415",01203bda-da40-4848-a994-27af00a6ba03,Heat Perimeter,USFS,2025/08/03 17:21:53,CA-LPF-GIFFORD-N50X,GIFFORD,,43118.0605680663,Heat Perimeter: 43118acres 8/3 17:20:49,,2025/08/03 17:20:49,,Active
"3416",02370e1c-a814-4a48-8766-8d141efa4637,Heat Perimeter,USFS,2025/08/03 22:49:06,CA-LPF-GIFFORD-N50X,GIFFORD,,49760.5006622836,Heat Perimeter: 49761acres 8/3 22:46:46,,2025/08/03 22:46:46,,Active
"3417",7c51f41a-6aab-42e9-8ed6-cf016edc673b,Heat Perimeter,FIRIS,2025/08/03 22:59:54,CA-LNU-LAKE-N57B,LAKE,,287.15098402193,FIRIS Perimeter,,2025/08/03 22:50:47,,Inactive
"3418",1ccca0d4-7700-4e01-8f51-8937aaed5a12,Heat Perimeter,FIRIS,2025/08/03 23:25:09,CA-LNU-LAKE-N57B,LAKE,,340.425060323404,FIRIS Perimeter,,2025/08/03 23:19:32,,Inactive
"3419",2ab553d6-50f3-4d5f-8891-d749a9e93b8b,Heat Perimeter,FIRIS,2025/08/04 01:44:30,CA-SCU-EDEN-N57B,,,18.3682069151782,FIRIS Perimeter,,2025/08/04 01:36:56,,Inactive
"3420",3b1b303b-9e92-4a94-a0c3-c6366657e4ba,Heat Perimeter,USFS,2025/08/04 07:21:23,CA-LPF-GIFFORD-N50X,GIFFORD,,65061.9530034992,Heat Perimeter 8/4 06:35:20,,2025/08/04 06:35:20,,Active
"3421",fe058a7f-f834-45be-b773-75b5861932d6,Heat Perimeter,CAL FIRE INTEL FLIGHT DATA,2025/08/04 15:43:00,LAKE,LAKE,7b32f62e-5e75-4045-88cb-2506c23018c0,400.74,,,,,Inactive
"3422",61a27312-5fc1-4d50-a714-c127138661f1,Heat Perimeter,CAL FIRE INTEL FLIGHT DATA,2025/08/04 16:32:00,BIG CLIFF,BIG CLIFF,5dc2c671-7a9d-4318-a2d5-c7e769688f07,542.61,,,,,Active
"3423",f08e999f-9643-4d3e-8c22-125aa2249b4e,Heat Perimeter,FIRIS,2025/08/04 17:44:20,CA-BDF-GOLD-N42Z,GOLD,,80.5375025305224,FIRIS Perimeter,,2025/08/04 17:38:10,,Active
"3424",31014d48-cd7b-417f-b2b9-7fdc35d456d4,Heat Perimeter,FIRIS,2025/08/04 20:40:47,CA-BDF-GOLD-N50X,GOLD,,348.286687480629,FIRIS Perimeter,,2025/08/04 20:36:39,,Active
"3425",91fe1da0-31f0-4a93-9d5b-d37bd73d3ee3,Heat Perimeter,USFS,2025/08/04 20:52:31,CA-BDF-GOLD-N50X,GOLD,,348.286689135223,Heat Perimeter: 348acres 8/4 20:36:39,,2025/08/04 20:36:39,,Active
"3426",a0b564c1-eb42-43bc-aad6-54d334a7ae91,Heat Perimeter,FIRIS,2025/08/04 20:52:51,CA-RRU-ROSA-N42Z,ROSA,,120.201065563838,FIRIS Perimeter,,2025/08/04 20:41:22,,Inactive
"3427",764c202a-b09a-459b-87e0-f8661437f326,Heat Perimeter,USFS,2025/08/04 21:53:55,CA-LPF-GIFFORD-N50X,GIFFORD,,72459.8490013783,Heat Perimeter: 72460acres 8/4 21:52:50,,2025/08/04 21:52:50,,Active
"3428",4ef4e41d-6cd2-4176-bc85-8b36e828fa42,Heat Perimeter,FIRIS,2025/08/05 00:15:37,CA-AEU-CLAYPIT-N57B,CLAYPIT,,130.671359917273,FIRIS Perimeter,,2025/08/05 00:03:45,,Inactive
"3429",f1083111-fad7-46b7-a585-bb6d2e10d656,Heat Perimeter,FIRIS,2025/08/05 01:26:09,CA-RRU-ROSA-N42Z,ROSA,,1162.67878059801,FIRIS Perimeter,,2025/08/05 01:16:24,,Inactive
"3430",5761a6b9-1003-4191-a5bc-91b46b5c6f1d,Heat Perimeter,NIFC,2025/08/05 07:49:53,2025-CASRF-000469,BIG CLIFF,2025-CASRF-000469,0.0478613217147496,Wildfire Daily Fire Perimeter,2025/07/04 01:11:00,2025/08/05 07:49:53,2025/08/05 07:59:42,Active
"3431",253b9f33-5600-47a4-80ae-04bb00cd0645,Heat Perimeter,NIFC,2025/08/05 13:09:14,2025-CARRU-122253,ROSA,2025-CARRU-122253,1658.27089871444,Wildfire Daily Fire Perimeter,2025/08/04 19:27:50,2025/08/05 20:06:30,2025/08/05 23:21:08,Inactive
"3432",282f4980-997b-427f-9420-094f40a64b78,Heat Perimeter,USFS,2025/08/05 17:45:28,CA-RRU-ROSA-N50X,ROSA,,1535.66515753171,Heat Perimeter: 1535acres 8/5 17:43:36,,2025/08/05 17:43:36,,Inactive
"3433",41f53ef1-a5ae-43eb-9c91-5076cdc4640e,Heat Perimeter,USFS,2025/08/05 18:05:09,CA-BDF-GOLD-N50X,GOLD,,936.220413194963,Heat Perimeter: 935acres 8/5 16:49:15,,2025/08/05 16:49:15,,Active
"3434",eb3a31af-689d-40d0-b97d-2c97a65ac411,Heat Perimeter,NIFC,2025/08/05 20:31:21,2025-CAKNF-005830,TOMPKINS,2025-CAKNF-005830,0.5,Wildfire Daily Fire Perimeter,2025/08/02 14:51:04,2025/08/02 18:28:24,2025/08/06 22:42:02,Inactive
"3435",e2b58cf8-f22e-4b97-88be-841dc881fe1d,Heat Perimeter,USFS,2025/08/05 21:20:04,CA-BDF-GOLD-N50X,GOLD,,991.140485443329,Heat Perimeter: 990acres 8/5 21:18:55,,2025/08/05 21:18:55,,Active
"3436",e5c2983e-b935-4aa5-a9c1-95e3f4f06a3c,Heat Perimeter,USFS,2025/08/05 22:20:50,CA-RRU-ROSA-N50X,ROSA,,1658.16818853066,Heat Perimeter: 1658acres 8/5 22:19:59,,2025/08/05 22:19:59,,Inactive
"3437",7cb4501c-bbbd-44f3-803a-e5118a4851d4,Heat Perimeter,CAL FIRE INTEL FLIGHT DATA,2025/08/05 22:40:00,GIFFORD,GIFFORD,08a6358f-8301-4093-9988-e265c8f6f0a9,83932.67,,,,,Active
"3438",9af9f49d-d606-4620-bf89-65f9e4d588b1,Heat Perimeter,CAL FIRE INTEL FLIGHT DATA,2025/08/06 01:22:00,BIG CLIFF,BIG CLIFF,5dc2c671-7a9d-4318-a2d5-c7e769688f07,753.92,,,,,Active
"3439",87fae94e-e65a-4773-b5ca-05db384ede30,Heat Perimeter,USFS,2025/08/06 06:22:45,CA-BDF-GOLD-N50X,GOLD,,1009.34049560532,Heat Perimeter: 1005acres 8/6 05:49:10,,2025/08/06 05:49:10,,Active
"3440",232a50f3-ec14-4c9f-80fe-60c71904ee5b,Heat Perimeter,USFS,2025/08/06 17:06:40,CA-RRU-ROSA-N50X,ROSA,,1658.16818853066,Heat Perimeter: 1658acres 8/6 16:56:54,,2025/08/06 16:56:54,,Inactive
"3441",04778a53-8466-4432-b59b-f5fd5de8768b,Heat Perimeter,USFS,2025/08/06 17:46:18,CA-BDF-GOLD-N50X,GOLD,,1065.96973626984,Heat Perimeter: 1065acres 8/6 17:45:26,,2025/08/06 17:45:26,,Active
"3442",63eb69c4-3d04-4e26-9e38-1aca5d51114d,Heat Perimeter,CAL FIRE INTEL FLIGHT DATA,2025/08/06 19:27:00,BIG CLIFF,BIG CLIFF,5dc2c671-7a9d-4318-a2d5-c7e769688f07,840.04,,,,,Active
"3443",9b12fc70-e55e-412d-93c8-88b6ea625382,Heat Perimeter,USFS,2025/08/06 21:45:42,CA-BDF-GOLD-N50X,GOLD,,1078.86254764942,Heat Perimeter: 1078acres 8/6 21:44:16,,2025/08/06 21:44:16,,Active
"3444",eec269eb-2532-4b26-887b-31618ab49230,Heat Perimeter,USFS,2025/08/06 22:22:41,CA-RRU-ROSA-N50X,ROSA,,1690.07502354004,Heat Perimeter: 1690 8/6 22:21:38,,2025/08/06 22:21:38,,Inactive
"3445",28651ab5-8451-4f39-8892-2b66812ab3a1,Heat Perimeter,CAL FIRE INTEL FLIGHT DATA,2025/08/06 23:27:00,GIFFORD,GIFFORD,08a6358f-8301-4093-9988-e265c8f6f0a9,91278.23,,,,,Active
"3446",3338a6ee-909b-404c-a0a1-b51a249c9d35,Heat Perimeter,FIRIS,2025/08/07 00:27:07,CA-MEU-POND-N57B,POND,,23.1007774663009,FIRIS Perimeter,,2025/08/07 00:20:11,,Inactive
"3447",38d829bd-e69d-4a4e-8a6c-7a31cb405cca,Heat Perimeter,FIRIS,2025/08/07 01:02:10,CA-MEU-POND-N57B,POND,,23.1032692098306,FIRIS Perimeter,,2025/08/07 00:45:00,,Inactive
"3448",c6d97122-595a-47ca-abec-083509367977,Heat Perimeter,NIFC,2025/08/07 05:38:00,2025-CAKNF-005712,Big Cliff,2025-CAKNF-005712,965.249409424346,Wildfire Daily Fire Perimeter,2025/07/31 00:15:43,2025/08/07 11:10:01,2025/08/13 02:40:49,Active
"3449",cc864c5c-8fd7-431a-8327-dbfb25a97fda,Heat Perimeter,USFS,2025/08/07 16:49:15,CA-BDF-Gold-N50X,GOLD,,1080.2055247258,Heat Perimeter: 1079 8/7 16:45:16,,2025/08/07 16:45:16,,Active
"3450",94efacb5-9071-4c72-a7fe-9a54458b1c51,Heat Perimeter,CAL FIRE INTEL FLIGHT DATA,2025/08/07 18:49:00,ROSA,ROSA,37317992-17ad-469f-8e36-5bc2d678740f,1679.79,,,,,Inactive
"3451",c49d7d78-5115-47a0-a0d4-6e23a70009e1,Heat Perimeter,CAL FIRE INTEL FLIGHT DATA,2025/08/07 20:10:00,GIFFORD,GIFFORD,08a6358f-8301-4093-9988-e265c8f6f0a9,98396.53,,,,,Active
"3452",87c82ec1-666b-4b19-86c4-a444f10f7ced,Heat Perimeter,USFS,2025/08/07 21:20:35,CA-SRF-ORLEANS-N874EB,BIG CLIFF,,901.575986481863,Heat Perimeter 8/7 21:20:03,,2025/08/07 21:20:03,,Active
"3453",80c228b5-762d-4cac-83ee-7065812637d0,Heat Perimeter,FIRIS,2025/08/07 22:06:34,CA-VNC-CANYON-N42Z,CANYON,,409.696712747736,FIRIS Perimeter,,2025/08/07 21:52:27,,Inactive
"3454",ad7faf0e-5090-4bef-ac9a-252b1a5a5977,Heat Perimeter,FIRIS,2025/08/07 23:10:48,CA-VNC-CANYON-N42Z,CANYON,,1051.74624662748,FIRIS Perimeter,,2025/08/07 22:42:25,,Inactive
"3455",ba1d7af7-acd7-4de5-8485-d88800b085f7,Heat Perimeter,FIRIS,2025/08/08 01:26:37,CA-BEU-PANOCHE-N57B,PANOCHE,,190.660958191354,FIRIS Perimeter,,2025/08/08 01:21:05,,Inactive
"3456",f1d1427d-df15-4c74-bb04-261abc62ff93,Heat Perimeter,FIRIS,2025/08/08 01:33:02,CA-RVC-REAL-N42Z,REAL,,7.46552400599476,FIRIS Perimeter,,2025/08/08 01:14:17,,Inactive
"3457",68ec0803-31f8-42f5-a01e-9ea40fbebcae,Heat Perimeter,FIRIS,2025/08/08 02:10:06,CA-BEU-PANOCHE-N57B,PANOCHE,,330.179729955364,FIRIS Perimeter,,2025/08/08 02:06:52,,Inactive
"3458",47ed2dd8-b353-4fff-b670-86b5b832616f,Heat Perimeter,FIRIS,2025/08/08 04:43:21,CA-VNC-CANYON-N43Z,CANYON,,4856.31356423078,FIRIS Perimeter,,2025/08/08 04:32:09,,Inactive
"3459",3f579a95-db15-4421-a786-5421a4efc64a,Heat Perimeter,USFS,2025/08/08 18:13:07,CA-LPF-Gifford-N50X,GIFFORD,,101933.557592729,Heat Perimeter: 101934acres 8/8 18:12:29,,2025/08/08 18:12:29,,Active
"3460",c1e35c1e-c48a-4ec7-91cb-1c212c851009,Heat Perimeter,CAL FIRE INTEL FLIGHT DATA,2025/08/08 19:18:00,CANYON,CANYON,66be6702-3f5f-463c-b0e8-6d8bea38eec4,5369.99,,,,,Inactive
"3461",703838c5-9981-4717-8e33-5c036e458321,Heat Perimeter,FIRIS,2025/08/08 19:25:40,CA-LNU-BERRY-N57B,,,67.1956953295109,FIRIS Perimeter,,2025/08/08 19:17:36,,Inactive
"3462",18c7c1ef-a942-4a53-bf61-99219e949d93,Heat Perimeter,FIRIS,2025/08/08 20:24:59,CA-SDU-RUNNER-N42Z,,,88.3977194863887,FIRIS Perimeter,,2025/08/07 20:21:26,,Inactive
"3463",985de7ae-8fd6-4513-84fd-0a361d1d74b0,Heat Perimeter,FIRIS,2025/08/08 20:27:10,CA-AEU-TIGER-N57B,TIGER,,20.0028873539122,FIRIS Perimeter,,2025/08/08 20:22:19,,Inactive
"3464",1a4954d4-15da-47da-9419-bf95dd57d620,Heat Perimeter,CAL FIRE INTEL FLIGHT DATA,2025/08/08 20:38:00,PANOCHE,PANOCHE,c93584fa-73f0-486d-b457-513f0fe84d1b,422.55,,,,,Inactive
"3465",68f16d0c-64fe-4e5d-88fb-99621b895832,Heat Perimeter,FIRIS,2025/08/08 20:46:02,CA-AEU-TIGER-N57B,TIGER,,34.0084063847297,FIRIS Perimeter,,2025/08/08 20:37:53,,Inactive
"3466",973181b9-7f49-4054-8178-79aa887cae26,Heat Perimeter,CAL FIRE INTEL FLIGHT DATA,2025/08/08 21:19:00,TIGER,TIGER,,84.05,,,,,Inactive
"3467",24673a51-27ef-4a92-9151-71e1a1ada2e3,Heat Perimeter,USFS,2025/08/08 21:57:05,CA-LPF-Gifford-N50X,GIFFORD,,104590.240618156,Heat Perimeter: 104591acres 8/8 21:48:33,,2025/08/08 21:48:33,,Active
"3468",28647105-a2a0-405f-b850-8e9b55aeafcb,Heat Perimeter,CAL FIRE INTEL FLIGHT DATA,2025/08/08 23:45:00,Big Cliff,Big Cliff,5dc2c671-7a9d-4318-a2d5-c7e769688f07,922.83,,,,,Active
"3469",b9738e5d-e225-413f-bc75-5629f23e3cd0,Heat Perimeter,CAL FIRE INTEL FLIGHT DATA,2025/08/09 02:24:00,TIGER,TIGER,f6413d79-12e3-4057-ac58-faa1bec623d2,116.51,,,,,Inactive
"3470",64e2ae01-e005-42c6-a2cf-f42b54c07b00,Heat Perimeter,NIFC,2025/08/15 14:00:55,2025-CALPF-002181,Gifford,2025-CALPF-002181,131543.941078674,Wildfire Daily Fire Perimeter,2025/08/01 20:57:00,2025/08/19 14:38:14,2025/08/19 18:35:08,Active
"3471",b746d6ab-0325-446c-a55a-7182b55df89e,Heat Perimeter,CAL FIRE INTEL FLIGHT DATA,2025/08/09 17:01:00,TIGER,TIGER,f6413d79-12e3-4057-ac58-faa1bec623d2,117.53,,,,,Inactive
"3472",ec2e7874-ca6e-4a11-8d80-4ebfbb44c9b2,Heat Perimeter,USFS,2025/08/09 18:27:57,CA-LPF-GIFFORD-N50X,GIFFORD,,111555.872050519,Heat Perimeter: 111557acres 8/9 18:26:19,,2025/08/09 18:26:19,,Active
"3473",64895fa7-2de9-46fe-9b50-5e2d41c7de83,Heat Perimeter,USFS,2025/08/09 19:15:08,CA-LPF-GIFFORD-N50X,GIFFORD,,111557,Heat Perimeter: 111557acres 8/9 19:03:30,,2025/08/09 19:03:30,,Active
"3474",d6e5fac2-41d5-4a4d-aec7-3563e4306fc4,Heat Perimeter,USFS,2025/08/09 19:15:08,CA-VNC-Canyon-N50X,CANYON,,5360,Heat Perimeter: 5360acres 8/9 19:03:30,,2025/08/09 19:03:30,,Inactive
"3475",7d5fbf4b-df5d-4585-bd59-9e37ba760293,Heat Perimeter,FIRIS,2025/08/09 22:44:04,CA-LNU-ARDEN-N57B,ARDEN,,26.0427602079402,FIRIS Perimeter,,2025/08/09 22:39:44,,Inactive
"3476",80c72a72-fb59-42f0-9b0e-98d1439554df,Heat Perimeter,CAL FIRE INTEL FLIGHT DATA,2025/08/09 22:45:00,BIG CLIFF,BIG CLIFF,5dc2c671-7a9d-4318-a2d5-c7e769688f07,936.01,,,,,Active
"3477",d51f7aaa-c039-4fea-b22f-f6635d41796c,Heat Perimeter,USFS,2025/08/10 00:21:17,CA-LPF-Gifford-N50X,GIFFORD,,112300.548837943,Heat Perimeter: 112301acres 8/10 00:19:23,,2025/08/10 00:19:23,,Active
"3478",664d3541-cf9b-4cd9-91ce-5ed145058a62,Heat Perimeter,CAL FIRE INTEL FLIGHT DATA,2025/08/10 17:41:00,CANYON,CANYON,66be6702-3f5f-463c-b0e8-6d8bea38eec4,5370,,,,,Inactive
"3479",ba8b2c2d-a549-4de0-a887-43aa0cd22229,Heat Perimeter,CAL FIRE INTEL FLIGHT DATA,2025/08/10 18:29:00,GIFFORD,GIFFORD,08a6358f-8301-4093-9988-e265c8f6f0a9,116842.03,,,,,Active
"3480",fb2992a1-848b-4636-b08d-e7393c5bea22,Heat Perimeter,USFS,2025/08/10 22:18:40,CA-LPF-Gifford-N50X,GIFFORD,,118104.840105017,Heat Perimeter: 118106acres 8/10 22:09:14,,2025/08/10 22:09:14,,Active
"3481",db78cc23-b576-4f9f-aa7a-48cd62f6cdc6,Heat Perimeter,FIRIS,2025/08/10 23:35:40,CA-NEU-PONDEROSA-N57B,PONDEROSA,,48.3800937443451,FIRIS Perimeter,,2025/08/10 23:32:54,,Inactive
"3482",3504f2ed-0966-4951-be71-f02b01a8bc9d,Heat Perimeter,FIRIS,2025/08/11 00:33:20,CA-LMU-CLARK-N57B,CLARK,,50.7114456491841,FIRIS Perimeter,,2025/08/11 00:27:27,,Inactive
"3483",68623298-17e4-4338-9968-74b231884187,Heat Perimeter,FIRIS,2025/08/11 01:50:18,CA-NEU-PONDEROSA-N57B,PONDEROSA,,83.1285496473453,FIRIS Perimeter,,2025/08/11 01:43:54,,Inactive
"3484",9360a5ec-1a92-4784-9038-e38668c7585b,Heat Perimeter,CAL FIRE INTEL FLIGHT DATA,2025/08/11 02:46:00,PONDEROSA,PONDEROSA,a20cc91b-02c9-493c-8647-373e2b7da9c5,87.25,,,,,Inactive
"3485",62a1aed5-9cdc-4aeb-8efc-0867ce01f2a5,Heat Perimeter,USFS,2025/08/11 20:15:57,CA-SQF-Richbar-N50X,RICHBAR,,158.323417641189,Heat Perimeter: 158acres 8/11 20:12:10,,2025/08/11 20:12:10,,Inactive
"3486",890d267c-8a88-477c-8bdf-c8f783ea9f45,Heat Perimeter,CAL FIRE INTEL FLIGHT DATA,2025/08/11 19:27:00,GIFFORD,GIFFORD,08a6358f-8301-4093-9988-e265c8f6f0a9,119767.09,,,,,Active
"3487",21b06978-2ccc-4012-a513-dde56d057dd3,Heat Perimeter,USFS,2025/08/11 21:23:59,CA-LPF-Gifford-N50X,GIFFORD,,122263.378743023,Heat Perimeter: 122264 8/11 21:22:27,,2025/08/11 21:22:27,,Active
"3488",b6700ee3-1f38-4a80-95bf-a3a424574d19,Heat Perimeter,FIRIS,2025/08/12 02:21:53,CA-MMU-UTAH-N57B,,,11.3905880790734,FIRIS Perimeter,,2025/08/12 02:08:04,,Inactive
"3489",6f079bba-83b4-4ba6-9900-a1dc99468b36,Heat Perimeter,NIFC,2025/08/12 17:40:48,2025-CALUR-CA-FWR,Mayhews,2025-CALUR-CA-FWR,1.41,Wildfire Daily Fire Perimeter,2025/07/22 23:06:48,2025/08/12 17:40:50,2025/08/12 17:40:50,Inactive
"3490",0849901d-1ee5-4b62-9a76-0aeca15c011e,Heat Perimeter,CAL FIRE INTEL FLIGHT DATA,2025/08/12 20:31:00,GIFFORD,GIFFORD,08a6358f-8301-4093-9988-e265c8f6f0a9,123253.97,,,,,Active
"3491",8eebd054-b370-4250-8f78-da9a53f70e8c,Heat Perimeter,USFS,2025/08/12 22:38:25,CA-LPF-Gifford-N50X,GIFFORD,,125648.551277901,Heat Perimeter: 125650 8/12 22:36:34,,2025/08/12 22:36:34,,Active
"3492",8d925f06-88af-441c-9f50-df3cba983fa7,Heat Perimeter,CAL FIRE INTEL FLIGHT DATA,2025/08/12 23:25:00,BIG CLIFF,BIG CLIFF,5dc2c671-7a9d-4318-a2d5-c7e769688f07,962.52,,,,,Active
"3493",604cfda4-5200-4049-b992-33aedc49e1b4,Heat Perimeter,NIFC,2025/08/07 16:45:16,2025-CABDF-011350,Gold,2025-CABDF-011350,1046.69843944182,Wildfire Daily Fire Perimeter,2025/08/04 15:09:00,2025/08/10 02:34:51,2025/08/13 00:25:27,Active
"3494",e5747050-2972-4406-899e-b5c5d82549b8,Heat Perimeter,NIFC,2025/08/05 17:26:42,2025-CALMU-004198,3-5,2025-CALMU-004198,48.55,Wildfire Daily Fire Perimeter,2025/07/26 00:03:10,2025/07/26 00:11:23,2025/08/17 00:11:27,Inactive
"3495",f717abc2-b99f-4016-b3c0-57270ce285bd,Heat Perimeter,USFS,2025/08/13 17:44:36,CA-LPF-Gifford-N50X,GIFFORD,,129310.735980813,Heat Perimeter: 129312 8/13 17:32:48,,2025/08/13 17:32:48,,Active
"3496",cbb5ec2c-3f3f-4a7e-bf68-1eec900ef922,Heat Perimeter,CAL FIRE INTEL FLIGHT DATA,2025/08/13 18:42:00,BIG CLIFF,BIG CLIFF,5dc2c671-7a9d-4318-a2d5-c7e769688f07,966.91,,,,,Active
"3497",785d27fc-bd6d-4342-9748-87c1b5f547f3,Heat Perimeter,CAL FIRE INTEL FLIGHT DATA,2025/08/13 19:16:00,BUTLER,BUTLER,f1930125-5993-4672-a058-74ad25f35e3f,21057.61,,,,,Active
"3498",2ce45ba7-98ab-42bf-a8c9-120d08422317,Heat Perimeter,USFS,2025/08/13 22:55:58,CA-LPF-Gifford-N50X,GIFFORD,,131018.46256296,Heat Perimeter: 131019acres 8/13 22:32:59,,2025/08/13 22:32:59,,Active
"3499",b0b4816c-a95e-4c8b-aea5-76a99456925e,Heat Perimeter,USFS,2025/08/14 04:59:26,CA-LPF-GIFFORD-N50X,GIFFORD,,132761.638485382,Heat Perimeter: 132763ACRES 8/14 04:57:13,,2025/08/14 04:57:13,,Active
"3500",3494a2f0-2247-45bf-8deb-4fa01322ffbe,Heat Perimeter,USFS,2025/08/14 10:46:17,CA-LAC-KING-N50X,KING,,393.982786136035,Heat Perimeter: 394ACRES 8/14 10:45:08,,2025/08/14 10:45:08,,Inactive
"3501",0b5e6b0c-45a5-4612-a74a-f83b048de3b6,Heat Perimeter,USFS,2025/08/14 12:27:52,CA-LAC-KING-N50X,KING,,465.970722172755,Heat Perimeter: 466ACRES 8/14 12:25:54,,2025/08/14 12:25:54,,Inactive
"3502",24ec4885-ce1b-4d96-b04d-38d91dd0855a,Heat Perimeter,USFS,2025/08/14 17:33:40,CA-LPF-Gifford-N50X,GIFFORD,,132389.510047387,Heat Perimeter: 132390acres 8/14 17:20:43,,2025/08/14 17:20:43,,Active
"3503",30141b5d-88eb-4e84-b1b5-5a8ab5c16d5a,Heat Perimeter,USFS,2025/08/14 18:31:07,CA-LAC-KING-N50X,KING,,577.459287298968,Heat Perimeter: 577acres 8/14 18:14:57,,2025/08/14 18:14:57,,Inactive
"3504",5ad1a7da-3833-41f5-852b-823d57eb5eeb,Heat Perimeter,NIFC,2025/07/09 23:31:09,2025-CASDU-015819,CAMPO RD / STEELE CANYON RD 2,2025-CASDU-015819,28,Wildfire Daily Fire Perimeter,2025/07/09 20:59:58,2025/07/09 21:01:59,2025/08/14 19:02:03,Inactive
"3505",0c8fcb7f-7fd4-4755-9055-58cd43883542,Heat Perimeter,CAL FIRE INTEL FLIGHT DATA,2025/08/14 21:08:00,BIG CLIFF,BIG CLIFF,5dc2c671-7a9d-4318-a2d5-c7e769688f07,971.09,,,,,Active
"3506",fb79051c-780e-4c36-b936-c33a9dfa0282,Heat Perimeter,CAL FIRE INTEL FLIGHT DATA,2025/08/14 21:49:00,BUTLER,BUTLER,f1930125-5993-4672-a058-74ad25f35e3f,21057.61,,,,,Active
"3507",b2c4096d-2eb9-4b5e-9b7b-aab62801483a,Heat Perimeter,USFS,2025/08/14 22:58:03,CA-LPF-Gifford-N50X,GIFFORD,,131683.387747237,Heat Perimeter: 131684acres 8/14 22:48:29,,2025/08/14 22:48:29,,Active
"3508",988587b1-0c39-4a34-b8ba-d539889b222d,Heat Perimeter,FIRIS,2025/08/14 23:28:55,CA-LAC-HAWK-N42Z,HAWK,,276.714271237966,FIRIS Perimeter,,2025/08/14 23:24:25,,Inactive
"3509",7cf2c9be-4b0a-49f1-9056-59610ed56106,Heat Perimeter,FIRIS,2025/08/15 01:35:57,CA-SHU-HEATHER-N57B,,,240.420923088101,FIRIS Perimeter,,2025/08/15 01:30:58,,Inactive
"3510",346c2d84-d01e-4acf-b81e-673933fc31bc,Heat Perimeter,FIRIS,2025/08/15 01:57:34,CA-SKU-HEATHER-N57B,,,240.420923088101,FIRIS Perimeter,,2025/08/15 01:52:08,,Inactive
"3511",7ac8c31f-4e59-4561-9f22-e2ea7468949b,Heat Perimeter,CAL FIRE INTEL FLIGHT DATA,2025/08/15 18:45:00,GIFFORD,GIFFORD,08a6358f-8301-4093-9988-e265c8f6f0a9,132593.7,,,,,Active
"3512",582c99f2-5f8e-499d-8971-3d065a8ff09a,Heat Perimeter,USFS,2025/08/15 19:51:51,CA-LAC-KING-N50X,KING,,591.242009683601,Heat Perimeter: 591acres 8/15 19:47:45,,2025/08/15 19:47:45,,Inactive
"3513",cf9eb6cb-cd19-47c2-bb87-3a11a0ed3d31,Heat Perimeter,CAL FIRE INTEL FLIGHT DATA,2025/08/15 19:36:00,HAWK,HAWK,a376d237-05f0-4b8d-a3e2-83cf4d36942e,481.28,,,,,Inactive
"3514",f58594fc-36db-44da-b96c-9c759d17279a,Heat Perimeter,FIRIS,2025/08/15 22:35:49,CA-LNU-HERMAN-N57B,,,166.946053945866,FIRIS Perimeter,,2025/08/15 22:32:32,,Inactive
"3515",f92900dd-1e6f-42ef-b987-5179ad2f61bb,Heat Perimeter,CAL FIRE INTEL FLIGHT DATA,2025/08/16 19:54:00,GIFFORD,GIFFORD,08a6358f-8301-4093-9988-e265c8f6f0a9,129991.9,,,,,Active
"3516",a7af3110-4252-4052-8e2a-0e648688614f,Heat Perimeter,CAL FIRE INTEL FLIGHT DATA,2025/08/18 18:32:00,KING,KING,821f8646-a801-49c0-9056-e17985dd0c4c,553.72,,,,,Inactive
"3517",51fbfe6e-3eeb-4c51-9ab7-d036c4a46588,Heat Perimeter,CAL FIRE INTEL FLIGHT DATA,2025/08/18 19:17:00,GIFFORD,GIFFORD,08a6358f-8301-4093-9988-e265c8f6f0a9,129991.89,,,,,Active
"3518",67a96197-9919-4e56-8019-17cb26cf4bfb,Heat Perimeter,NIFC,2025/07/15 16:32:16,2025-CAYNP-000050,FISSURES,2025-CAYNP-000050,0.1,Wildfire Daily Fire Perimeter,2025/07/15 16:24:38,2025/07/15 16:32:16,2025/08/18 21:25:30,Inactive
"3519",e94c0f36-b779-4efd-ac7b-e73ec9905373,Heat Perimeter,NIFC,2025/06/05 23:15:57,2025-CAYNP-000020,Dewey,2025-CAYNP-000020,0.01,Wildfire Daily Fire Perimeter,2025/06/05 01:45:00,2025/06/05 23:15:57,2025/08/18 21:24:28,Inactive
"3520",6c1b8d06-653a-4978-85b1-bf9585e232e3,Heat Perimeter,NIFC,2025/08/01 20:17:02,2025-CARRU-120648,CACTUS,2025-CARRU-120648,3.14,Wildfire Daily Fire Perimeter,2025/08/01 19:42:30,2025/08/01 19:43:54,2025/08/19 06:12:36,Inactive
"3521",111466b7-5036-4c32-9331-700ab64e581f,Heat Perimeter,NIFC,2025/08/19 17:09:35,2025-CALUR-CA-FWS,Alviso,2025-CALUR-CA-FWS,0.04,Wildfire Daily Fire Perimeter,2025/07/06 01:00:35,2025/08/19 17:09:36,2025/08/19 17:09:36,Inactive
"3522",40fd0c26-5108-48be-b4a1-8126b1b850cf,Heat Perimeter,NIFC,2025/07/31 22:07:02,2025-CASDU-017358,DYE RD / SERENA HILLS DR,2025-CASDU-017358,0.01,Wildfire Daily Fire Perimeter,2025/07/31 21:53:38,2025/08/19 23:08:05,2025/08/19 23:15:33,Inactive
"3523",9839bb0a-5274-403c-a6ef-2279ff5f20eb,Heat Perimeter,USFS,2025/08/20 05:52:07,CA-LAC-KING-N50X,,,591.242009683601,Heat Perimeter: 591acres 8/20 05:51:10,,2025/08/20 05:51:10,,Inactive
"3524",c97eb714-0ec5-4720-b50c-fb72dd494ff3,Heat Perimeter,NIFC,2025/08/11 01:15:25,2025-CACZU-005315,H4B,2025-CACZU-005315,2.05,Wildfire Daily Fire Perimeter,2025/08/10 23:21:09,2025/08/20 18:12:46,2025/08/20 18:12:46,Inactive
"3525",d2593ec6-5747-48de-a418-9bfc50cd0182,Heat Perimeter,CAL FIRE INTEL FLIGHT DATA,2025/08/20 23:33:00,COYOTE,COYOTE,e8401f28-dfd6-4353-ba1d-aa3468abfe08,164.2,,,,,Active
"3526",8cc436c2-f7e5-4f73-bcf9-ada120e50f7d,Heat Perimeter,CAL FIRE INTEL FLIGHT DATA,2025/08/21 00:00:00,COYOTE,COYOTE,e8401f28-dfd6-4353-ba1d-aa3468abfe08,284.01,,,,,Active
"3527",fa58fddc-b1df-4246-aa62-8fae598065a1,Heat Perimeter,CAL FIRE INTEL FLIGHT DATA,2025/08/21 00:25:00,COYOTE,COYOTE,e8401f28-dfd6-4353-ba1d-aa3468abfe08,366.73,,,,,Active
"3528",bde23073-9cb6-4ec5-b7a7-a866cbde4bf0,Heat Perimeter,CAL FIRE INTEL FLIGHT DATA,2025/08/21 01:01:00,COYOTE,COYOTE,e8401f28-dfd6-4353-ba1d-aa3468abfe08,399.95,,,,,Active
"3529",71618ca2-2672-4f37-85f3-59a5eb75acba,Heat Perimeter,FIRIS,2025/08/21 05:38:32,CA-AEU-Coyote-N57B,COYOTE,,554.082344618659,FIRIS Perimeter,,2025/08/21 05:29:44,,Active
"3530",c1ddc97a-ff13-4b73-abbe-a4a935c0bc71,Heat Perimeter,FIRIS,2025/08/21 15:23:58,CA-AEU-Coyote-N57B,COYOTE,,624.013450462744,FIRIS Perimeter,,2025/08/21 15:11:28,,Active
"3531",efa9afa3-5518-4e53-8433-b159e3962d46,Heat Perimeter,FIRIS,2025/08/21 22:23:18,CA-AEU-COYOTE-AEU-57B,COYOTE,,624.013450462744,FIRIS Perimeter,,2025/08/21 22:14:19,,Active
"3532",e7e71718-da09-4053-bfbd-a67f9aeb5078,Heat Perimeter,FIRIS,2025/08/22 00:53:24,CA-LNU-PICKETT-57B,PICKETT,,1044.79585773714,FIRIS Perimeter,,2025/08/22 00:39:17,,Active
"3533",6a13c8fa-663f-4745-96f0-c8d8b26e220b,Heat Perimeter,FIRIS,2025/08/22 06:38:37,CA-LNU-Pickett-N57B,PICKETT,,2133.32900250605,FIRIS Perimeter,,2025/08/22 06:20:02,,Active
"3534",c0ef3f32-259d-4517-8d5d-807d76032c62,Heat Perimeter,NIFC,2025/06/18 23:27:27,2025-CAPNF-000526,WAY,2025-CAPNF-000526,0.1,Wildfire Daily Fire Perimeter,2025/06/18 22:47:00,2025/06/18 22:52:31,2025/08/22 15:19:09,Inactive
"3535",1774240e-ef69-47ab-920e-1fcdc3ef574d,Heat Perimeter,CAL FIRE INTEL FLIGHT DATA,2025/08/22 22:22:00,PICKETT,PICKETT,d7cd7f3f-c6e1-48ef-babe-e88a868a4f68,3235.01,,,,,Active
"3536",d74871f7-8b7c-42b5-be13-cfccff691d56,Heat Perimeter,FIRIS,2025/08/23 00:04:45,CA-SCU-PARKS-57B,PARKS,,117.785989646288,FIRIS Perimeter,,2025/08/22 23:58:22,,Active
"3537",51375d17-1541-4b43-864e-ae98877268ba,Heat Perimeter,CAL FIRE INTEL FLIGHT DATA,2025/08/22 23:49:00,BIG CLIFF,BIG CLIFF,5dc2c671-7a9d-4318-a2d5-c7e769688f07,982.89,,,,,Active
"3538",103be45a-23fe-4d96-8729-5a31bc9857f5,Heat Perimeter,USFS,2025/08/23 00:47:28,CA-SQF-LITTLE-N50X,LITTLE,,214.796815026363,Heat Perimeter: 215ACRES 8/23 00:45:44,,2025/08/23 00:45:44,,Active
"3539",7dc7a4a2-fe99-46bb-bff9-cdb4e62dfebf,Heat Perimeter,CAL FIRE INTEL FLIGHT DATA,2025/08/23 02:55:00,PICKETT,PICKETT,d7cd7f3f-c6e1-48ef-babe-e88a868a4f68,3992.6,,,,,Active
"3540",2818dcd9-8259-48fc-aa90-d09f9f15527d,Heat Perimeter,NIFC,2025/08/23 01:04:32,2025-CALNU-015521,PICKETT,2025-CALNU-015521,3992.6,Wildfire Daily Fire Perimeter,2025/08/21 21:57:11,2025/08/21 22:02:00,2025/08/23 09:11:49,Active
"3541",267cc2df-69b3-4ada-a645-9780677a871b,Heat Perimeter,CAL FIRE INTEL FLIGHT DATA,2025/08/23 15:21:00,PICKETT,PICKETT,d7cd7f3f-c6e1-48ef-babe-e88a868a4f68,4689.97,,,,,Active
"3542",e1819b65-1a4c-4f63-a1b9-ca42e16af6db,Heat Perimeter,USFS,2025/08/23 17:28:13,CA-SQF-LITTLE-N50X,LITTLE,,1746.6508188118,Heat Perimeter: 1747ACRES 8/23 17:25:26,,2025/08/23 17:25:26,,Active
"3543",6605eba4-b299-444b-82df-a72254f2b653,Heat Perimeter,FIRIS,2025/08/23 18:33:09,CA-RRU-VAIL-N40Y,VAIL,,54.9739152416724,FIRIS Perimeter,,2025/08/23 17:56:22,,Inactive
"3544",72da5807-56f4-4506-b28c-c75a56f59c54,Heat Perimeter,NIFC,2025/08/23 19:40:48,2025-CACDD-011951,Snake,2025-CACDD-011951,0.01,Wildfire Daily Fire Perimeter,2025/08/22 23:15:36,2025/08/23 19:40:49,2025/08/23 19:40:49,Inactive
"3545",e5bba9cd-e2e9-4ff8-81f0-8fb949d443ef,Heat Perimeter,CAL FIRE INTEL FLIGHT DATA,2025/08/24 00:40:00,PICKETT,PICKETT,d7cd7f3f-c6e1-48ef-babe-e88a868a4f68,5862.86,,,,,Active
"3546",dbf5ab31-a124-4e9a-80f1-100f8952991f,Heat Perimeter,FIRIS,2025/08/24 02:31:48,CA-SQF-LITTLE-N40Y,LITTLE,,2532.03887093418,FIRIS Perimeter,,2025/08/24 02:02:30,,Active
"3547",e14a1f28-fdc7-4d46-9290-6ffc22c4c57f,Heat Perimeter,FIRIS,2025/08/24 05:39:07,CA-LNU-Pickett-N57B,PICKETT,,6531.40081078617,FIRIS Perimeter,,2025/08/24 05:37:10,,Active
"3548",245d5e41-04a0-45cb-848c-b8d646a9952d,Heat Perimeter,USFS,2025/08/24 17:45:41,CA-SQF-LITTLE-N50X,LITTLE,,2536.93422929342,Heat Perimeter: 2537ACRES 8/24 17:43:20,,2025/08/24 17:43:20,,Active
"3549",11770270-43fb-4568-bd62-8c8bc6e447a6,Heat Perimeter,FIRIS,2025/08/25 00:05:32,CA-LNU-SKY-57B,SKY,,18.5919903420853,FIRIS Perimeter,,2025/08/25 00:02:49,,Active
"3550",5dd35c21-438b-4772-af43-3cb5b3e05a36,Heat Perimeter,FIRIS,2025/08/25 02:21:23,CA-SNF-GARNET-57B,GARNET,,3338.16653242566,FIRIS Perimeter,,2025/08/25 01:44:45,,Active
"3551",50fbc5ae-00bb-4756-98d7-39f9bdf0e511,Heat Perimeter,FIRIS,2025/08/25 02:40:49,CA-FKU-HIGH-57B,HIGH,,36.206917121554,FIRIS Perimeter,,2025/08/25 02:13:02,,Active
"3552",fb99b1f2-044b-4b80-a814-4fb8a2d09851,Heat Perimeter,NIFC,2025/08/25 15:02:30,2025-CALAC-000242,TEMPLIN,2025-CALAC-000242,12.67,Wildfire Daily Fire Perimeter,2025/01/01 11:38:31,2025/08/25 15:02:31,2025/08/25 15:02:31,Inactive
"3553",131494a3-083d-4870-9e79-628fffd85a76,Heat Perimeter,USFS,2025/08/25 16:45:27,CA-SNF-GARNET-N50X,GARNET,,4442.14067319228,Heat Perimeter: 4442ACRES 8/25 16:42:53,,2025/08/25 16:42:53,,Active
"3554",febc13fd-4811-4891-bf29-5e6e2bd634e6,Heat Perimeter,NIFC,,2025-CASNF-001684,Garnet,2025-CASNF-001684,12378,Wildfire Daily Fire Perimeter,2025/08/24 07:10:03,2025/08/27 14:21:30,2025/08/28 01:31:42,Active
"3555",808a06ec-327d-43e1-ad4b-6859a8007b07,Heat Perimeter,CAL FIRE INTEL FLIGHT DATA,2025/08/26 00:56:00,PICKETT,PICKETT,d7cd7f3f-c6e1-48ef-babe-e88a868a4f68,6595.71,,,,,Active
"3556",1ae1a3ab-4b46-4076-b298-9800619623fa,Heat Perimeter,CAL FIRE INTEL FLIGHT DATA,2025/08/26 02:01:00,GARNET,GARNET,68b988a1-c190-4f0c-9bea-a658d389d167,6483.89,,,,,Active
"3557",b042d905-9333-4cca-9b50-2e109ce97828,Heat Perimeter,FIRIS,2025/08/26 07:25:55,CA-SRF-Dillon-N57B,,,922.414630878341,FIRIS Perimeter,,2025/08/26 07:06:08,,Active
"3558",0bb0003c-eb49-43b9-8456-2651db8124db,Heat Perimeter,NIFC,2025/08/26 15:23:02,2025-CASHF-000942,PEAK,2025-CASHF-000942,231.587206345126,Wildfire Daily Fire Perimeter,2025/08/25 22:30:00,2025/08/25 22:37:23,2025/08/26 17:56:07,Active
"3559",0115d6e6-95bc-4429-8ef5-c4e2f6d82c12,Heat Perimeter,CAL FIRE INTEL FLIGHT DATA,2025/08/26 19:50:00,DILLON,DILLON,0140f0b6-2f32-4651-9008-e5ae2c38f547,1232.62,,,,,Active
"3560",e1f5dac4-f3e2-4fa3-9981-574ddfec9f05,Heat Perimeter,FIRIS,2025/08/26 20:32:32,CA-CDD-BUTTER-N40Y,,,47.9502144005659,FIRIS Perimeter,,2025/08/26 20:28:27,,Active
"3561",d00ffdfd-5779-41f0-a7a9-371a05c5a7e1,Heat Perimeter,CAL FIRE INTEL FLIGHT DATA,2025/08/26 20:44:00,PEAK,PEAK,34a25173-1ba0-49ec-b85d-282711799acc,194.57,,,,,Active
"3562",5f4febfb-d501-454d-8ae5-1aa3e97ea296,Heat Perimeter,USFS,2025/08/26 22:20:21,CA-SNF-GARNET-N50X,,,8664.52739669367,Heat Perimeter: 8665ACRES 8/26 22:17:35,,2025/08/26 22:17:35,,Active
"3563",f26f090f-7a05-41e0-8131-ee55aa1099c9,Heat Perimeter,NIFC,2025/08/21 00:37:20,2025-CASDU-018682,BORDER 15,2025-CASDU-018682,0.5,Wildfire Daily Fire Perimeter,2025/08/20 22:44:39,2025/08/21 00:36:32,2025/08/26 23:57:15,Active
"3564",fbd7b1bb-2541-4bd6-adb5-9f3aa048cdab,Heat Perimeter,NIFC,,2025-CAINF-001907,Aberdeen,2025-CAINF-001907,90.8415064285648,Wildfire Daily Fire Perimeter,2025/08/25 20:24:48,2025/08/26 23:53:35,2025/08/27 00:01:55,Active
"3565",f3c39477-7a55-4919-aebf-cf31a9bf84b1,Heat Perimeter,NIFC,2025/08/26 19:50:00,2025-CASRF-000715,Dillon,2025-CASRF-000715,1232.61732387567,Wildfire Daily Fire Perimeter,2025/08/26 01:24:00,2025/08/27 03:24:45,2025/08/27 03:46:39,Active
"3566",0d7c7524-9707-4d5e-9026-64a56ed1f9cb,Heat Perimeter,NIFC,2025/08/23 09:55:00,2025-CAKRN-032853,Little,2025-CAKRN-032853,2535.35765665894,Wildfire Daily Fire Perimeter,2025/07/15 22:19:17,2025/08/23 06:01:45,2025/08/27 15:31:47,Active
"3567",ed8c91a5-85a6-495e-9ca8-be7b4b49b76a,Heat Perimeter,CAL FIRE INTEL FLIGHT DATA,2025/08/27 17:51:00,PEAK,PEAK,34a25173-1ba0-49ec-b85d-282711799acc,273.59,,,,,Active
"3568",7f1e5de6-2017-40ab-b920-27d8fb301610,Heat Perimeter,NIFC,2025/08/25 23:11:43,2025-CANOD-004894,R-3,2025-CANOD-004894,147,Wildfire Daily Fire Perimeter,2025/08/24 18:46:41,2025/08/25 05:46:07,2025/08/27 19:37:46,Active
"3569",b2fe1e92-319f-4a07-97e5-f8fdea2dcdb2,Heat Perimeter,CAL FIRE INTEL FLIGHT DATA,2025/08/27 23:29:00,GARNET,GARNET,68b988a1-c190-4f0c-9bea-a658d389d167,12210.96,,,,,Active
